topology,amplitude,sample,time_s,target_y,mechanical_basis_fit_y,actual_readout_y,target_x,mechanical_basis_fit_x,actual_readout_x
topology_17_prestress,amp=1,sample_4,0.0,1159.2152966426356,1171.9793386227777,1163.8856610234584,1222.783017298884,1196.2207901375798,1216.304209275012
topology_17_prestress,amp=1,sample_4,0.03336668014526367,1217.3647490607414,1212.7866544491937,1214.1055608386457,1201.3579548749722,1172.9061524765996,1197.0201455830002
topology_17_prestress,amp=1,sample_4,0.06673336029052734,1233.3680475791186,1232.6869668728998,1229.1892928123386,1176.0585764762118,1134.5691897767094,1156.5617745308114
topology_17_prestress,amp=1,sample_4,0.10009980201721191,1193.8191570632641,1202.0242900616815,1201.2991700741557,1171.149960192438,1141.4341685669926,1142.9082581642829
topology_17_prestress,amp=1,sample_4,0.13346648216247559,1152.248670245995,1162.0240335232904,1160.0062560115034,1194.3302886505946,1201.4504811661748,1189.1860665674187
topology_17_prestress,amp=1,sample_4,0.16683316230773926,1159.0329045272838,1169.113635040014,1159.7013352791146,1247.108431213916,1210.4838397400883,1212.9080544592628
topology_17_prestress,amp=1,sample_4,0.20019984245300293,1208.1497581637166,1210.3039674527338,1208.602180714591,1257.8776866743992,1183.3622858422307,1208.6213629884194
topology_17_prestress,amp=1,sample_4,0.2335665225982666,1233.7933934065254,1232.3859567410639,1234.0334920123391,1200.7847857903034,1149.2629687684087,1179.0836187374948
topology_17_prestress,amp=1,sample_4,0.2669332027435303,1195.2932592547077,1208.740822768896,1206.0319474381383,1196.5700864277246,1156.9777285950688,1155.7546708297978
topology_17_prestress,amp=1,sample_4,0.30029988288879395,1136.6646978293531,1161.9733705289057,1146.3545609080224,1244.3223933515123,1211.0144336121587,1202.9961874633204
topology_17_prestress,amp=1,sample_4,0.3336665630340576,1153.6035614841514,1161.842738128393,1153.368623781384,1277.4332050827063,1239.6305529969243,1248.3361341299653
topology_17_prestress,amp=1,sample_4,0.3670332431793213,1212.1946783470119,1200.3696193463495,1213.6909772349338,1272.2304543680507,1221.676577319434,1235.0335227933185
topology_17_prestress,amp=1,sample_4,0.40039992332458496,1228.7774732305666,1223.3381089932611,1233.137908700649,1241.3300263455299,1166.5488021271733,1199.8156729678847
topology_17_prestress,amp=1,sample_4,0.43376660346984863,1194.1736103645542,1199.642012572973,1199.4396175539405,1199.5151487896699,1159.619822253516,1180.938143891801
topology_17_prestress,amp=1,sample_4,0.4671332836151123,1141.2201689006781,1160.515387511938,1153.7846334087405,1218.812308631249,1228.1868426697758,1212.3911935581552
topology_17_prestress,amp=1,sample_4,0.500499963760376,1143.62053991487,1161.3296346432855,1141.6851359411044,1295.7849061888078,1270.9633738892583,1280.6119951358023
topology_17_prestress,amp=1,sample_4,0.5338666439056396,1208.9560662985878,1200.5292529828241,1213.3916076872288,1300.3815214194883,1245.0720736878422,1251.0300179117664
topology_17_prestress,amp=1,sample_4,0.5672333240509033,1235.2127682951173,1215.1024656064203,1234.7651420334182,1231.5412616779129,1193.7215125458745,1235.8709981710754
topology_17_prestress,amp=1,sample_4,0.600600004196167,1191.540152278544,1187.958308435171,1198.761107583978,1213.2021180455663,1173.5383078949956,1175.0112943590548
topology_17_prestress,amp=1,sample_4,0.6339666843414307,1138.4332931213835,1153.9648523099115,1146.8749171583265,1239.8470635759336,1211.570553530982,1218.743879274449
topology_17_prestress,amp=1,sample_4,0.6673333644866943,1150.3877639259067,1153.9238481290033,1150.9054584216296,1280.0423738812337,1261.1925227540044,1267.4812379158602
topology_17_prestress,amp=1,sample_4,0.7006998062133789,1204.4795627434246,1194.1018514401605,1203.7390022034,1269.7252627360117,1277.1657740967778,1283.8209060143536
topology_17_prestress,amp=1,sample_4,0.7340664863586426,1241.9355254880797,1210.6937932736566,1231.5278211641792,1193.654705127637,1212.4596011536626,1246.4359524783745
topology_17_prestress,amp=1,sample_4,0.7674331665039062,1211.517961528842,1168.2116937405756,1204.5392486097644,1148.3126867306376,1198.2222363846806,1184.301680505839
topology_17_prestress,amp=1,sample_4,0.8007998466491699,1145.335726072269,1135.553452468603,1148.789096187418,1180.8229809011941,1256.8765208619145,1229.4671762781127
topology_17_prestress,amp=1,sample_4,0.8341665267944336,1148.344670934866,1145.9656877286127,1143.9279509681942,1274.0190332475881,1270.8567149537114,1262.747414004942
topology_17_prestress,amp=1,sample_4,0.8675332069396973,1198.7210979515507,1195.6501514680078,1206.4371166948756,1291.6450168494312,1229.8097216980962,1246.3957216546416
topology_17_prestress,amp=1,sample_4,0.9008998870849609,1231.3665902967236,1229.8928308255365,1237.3109185838146,1236.4267120869197,1157.9096877472905,1208.9041530873465
topology_17_prestress,amp=1,sample_4,0.9342665672302246,1204.9597989330928,1206.7709016568353,1212.5102854043973,1191.1120669854045,1142.9230067627934,1149.4760069595181
topology_17_prestress,amp=1,sample_4,0.9676332473754883,1143.841745253558,1154.4708413846186,1159.0246784701249,1242.5565485781945,1220.2509429352788,1189.8822080726977
topology_17_prestress,amp=1,sample_4,1.000999927520752,1140.4669239737398,1136.7623605496576,1134.9907355767682,1325.415756447741,1291.5289943116215,1270.193779016398
topology_17_prestress,amp=1,sample_4,1.0343666076660156,1193.9698856316295,1184.7811207539728,1200.457440228443,1287.323438520593,1293.5760142701176,1266.8661240096033
topology_17_prestress,amp=1,sample_4,1.0677332878112793,1243.913962597632,1214.4733285672357,1237.4562674969222,1225.2167560052758,1202.5759980576543,1218.1236392950316
topology_17_prestress,amp=1,sample_4,1.101099967956543,1201.6015272555496,1175.4579972989252,1210.351743569227,1231.758447294518,1171.960388888648,1175.0986375798648
topology_17_prestress,amp=1,sample_4,1.1344666481018066,1134.1835049333959,1142.397877670019,1152.2182404383445,1301.535199767838,1251.1287600892094,1236.7459257039673
topology_17_prestress,amp=1,sample_4,1.1678333282470703,1129.5913750170882,1144.953083968847,1131.3605711195141,1367.0840967129811,1311.0022914307622,1296.8345064188009
topology_17_prestress,amp=1,sample_4,1.201200008392334,1180.1527370151175,1197.7237143284967,1194.6185694602161,1344.6399640735433,1272.177912463477,1283.5544846935004
topology_17_prestress,amp=1,sample_4,1.2345666885375977,1237.9950226207964,1222.0219182736566,1239.4569365549203,1282.6406883770337,1180.9734337227849,1223.60926851004
topology_17_prestress,amp=1,sample_4,1.2679331302642822,1204.9594144381088,1182.3122558362177,1217.9951899786352,1289.994535030892,1208.14266847544,1197.5442887598836
topology_17_prestress,amp=1,sample_4,1.301299810409546,1127.1058149574749,1141.09313294956,1144.7319293846983,1357.8292571133634,1354.647867907813,1285.3467190296137
topology_17_prestress,amp=1,sample_4,1.3346664905548096,1129.5015332099815,1139.6613588101557,1122.7013661505182,1350.3129765070773,1413.298273791602,1332.2315149371557
topology_17_prestress,amp=1,sample_4,1.3680331707000732,1186.987623556509,1196.4675698048761,1191.1589696139215,1290.0476479053564,1323.1368358033208,1301.9324406976268
topology_17_prestress,amp=1,sample_4,1.401399850845337,1241.4929976211913,1219.681807494848,1226.841692709129,1259.775429847914,1211.948534716895,1277.8062596007903
topology_17_prestress,amp=1,sample_4,1.4347665309906006,1210.9238987933043,1180.0690812833002,1208.6516296079146,1270.7196605383924,1233.9579379456547,1273.1373300339492
topology_17_prestress,amp=1,sample_4,1.4681332111358643,1147.5049861759435,1145.1252488858393,1149.4512122367087,1298.7925219225133,1358.9621531861333,1309.2473907334106
topology_17_prestress,amp=1,sample_4,1.501499891281128,1124.252577875796,1135.2102365262201,1126.9144090019936,1294.4905152165925,1373.566309680274,1317.4510729083172
topology_17_prestress,amp=1,sample_4,1.5348665714263916,1183.4811009330099,1187.3719830281427,1184.5309195999566,1279.913016639513,1267.9837977784184,1261.1252518344345
topology_17_prestress,amp=1,sample_4,1.5682332515716553,1242.3046299505124,1216.8615808255365,1236.2989926531595,1283.6694827184856,1196.4480912583379,1251.1347931569533
topology_17_prestress,amp=1,sample_4,1.601599931716919,1206.6230524262826,1207.3832101590326,1215.3048986219235,1313.2469845437017,1214.6644370453862,1262.2610250743899
topology_17_prestress,amp=1,sample_4,1.6349666118621826,1150.5339490538522,1183.3988036877802,1157.8876964052477,1323.0796057928035,1297.0887248414067,1278.641041976453
topology_17_prestress,amp=1,sample_4,1.6683332920074463,1117.9577280460906,1147.8054971463373,1130.7068800300185,1318.6438290207388,1303.7662684815434,1275.1198314946753
topology_17_prestress,amp=1,sample_4,1.70169997215271,1176.3351303594602,1174.4793519742182,1173.3311927199572,1313.8419544362505,1267.8277919190434,1246.1613262075148
topology_17_prestress,amp=1,sample_4,1.7350666522979736,1237.2745097992592,1207.112869239538,1233.2624720888093,1302.9398799497217,1255.3005626099614,1263.0047059156025
topology_17_prestress,amp=1,sample_4,1.7684333324432373,1220.3185943930087,1205.0371007687738,1222.1618832403922,1287.0205523475279,1263.7116954224614,1278.674857097295
topology_17_prestress,amp=1,sample_4,1.801800012588501,1149.2801891194376,1176.800363517492,1158.3311550932642,1293.7166870839246,1304.230631579688,1314.6594071039979
topology_17_prestress,amp=1,sample_4,1.8351666927337646,1124.5456692443165,1142.1383180386713,1122.1385660366595,1292.8184019325413,1302.371256579688,1287.9597330292636
topology_17_prestress,amp=1,sample_4,1.8685331344604492,1174.706659857537,1170.8608426816156,1172.6533066172583,1301.0545180522877,1291.500323046973,1263.9042409682268
topology_17_prestress,amp=1,sample_4,1.901899814605713,1229.31433684221,1212.5111932522943,1229.5900773105598,1326.5267116804348,1300.8787639039067,1277.500035507655
topology_17_prestress,amp=1,sample_4,1.9352664947509766,1209.2667191859684,1212.5390863187006,1229.4620908316901,1349.9276848960308,1255.955729235938,1262.0124963959336
topology_17_prestress,amp=1,sample_4,1.9686331748962402,1137.975277347402,1203.509760833471,1164.1593114314433,1376.0027389863828,1213.4139373200444,1292.2156893880508
topology_17_prestress,amp=1,sample_4,2.001999855041504,1113.1441369114773,1190.1406384474924,1123.0781101032799,1399.4156585118576,1221.2914264100102,1270.969136448088
topology_17_prestress,amp=1,sample_4,2.0353665351867676,1170.2625668421715,1181.174480415075,1172.937005899976,1373.925238078829,1282.183985461524,1272.4650308447383
topology_17_prestress,amp=1,sample_4,2.0687332153320312,1227.4155496206863,1211.4621095425775,1227.5991372945296,1349.9974506381723,1364.1484324830083,1295.6830505862372
topology_17_prestress,amp=1,sample_4,2.102099895477295,1200.6206257328254,1202.5372380978754,1215.826039900303,1349.5962943983463,1363.2574412720708,1312.2736937255827
topology_17_prestress,amp=1,sample_4,2.1354665756225586,1143.75738368202,1152.9335489041498,1151.161148791648,1365.6182968619469,1319.3295848267583,1349.8988010598334
topology_17_prestress,amp=1,sample_4,2.1688332557678223,1131.8150647805187,1151.156022048681,1123.3195445769936,1370.9836742936395,1283.125879992774,1341.9542202511157
topology_17_prestress,amp=1,sample_4,2.202199935913086,1175.7825867227946,1179.4839915997675,1173.0915682349737,1328.6354412340759,1286.6726329224614,1324.313122326125
topology_17_prestress,amp=1,sample_4,2.2355666160583496,1224.4156059200502,1213.8624448544672,1217.8946508269805,1296.2691013814863,1316.422510852149,1320.987470989486
topology_17_prestress,amp=1,sample_4,2.2689332962036133,1197.9018051785456,1205.1470889813593,1211.801342569318,1332.7898195384205,1336.0877482789067,1315.6319156374543
topology_17_prestress,amp=1,sample_4,2.302299976348877,1144.7035968635587,1167.3928708798578,1148.8214470642342,1365.0102142550165,1312.9417369263676,1351.276166108647
topology_17_prestress,amp=1,sample_4,2.3356666564941406,1139.5323292087419,1162.7805223233393,1138.2740933855268,1314.1131797359703,1291.8575236695317,1335.7297093556488
topology_17_prestress,amp=1,sample_4,2.3690333366394043,1190.158211141915,1169.2046441800287,1179.757360503081,1272.014068070151,1268.144694079688,1289.2045211353463
topology_17_prestress,amp=1,sample_4,2.402400016784668,1223.0995735345375,1186.0970072514704,1217.6330524288048,1272.0668713789191,1255.7447001832036,1259.203682357187
topology_17_prestress,amp=1,sample_4,2.4357666969299316,1204.249166398957,1195.8600129849603,1209.7851633635107,1309.4915085501843,1306.710268725684,1303.2963354203816
topology_17_prestress,amp=1,sample_4,2.469133138656616,1148.9388650178535,1181.260462737768,1151.4227644366451,1331.5823228382221,1322.1077830689458,1339.0110147104665
topology_17_prestress,amp=1,sample_4,2.50249981880188,1131.0183809773723,1168.1927556760004,1140.7226912610167,1325.5081996229833,1271.7684962647465,1296.666552345532
topology_17_prestress,amp=1,sample_4,2.5358664989471436,1185.1859084495404,1176.1377849347284,1184.6901378337673,1291.8461288696803,1202.9497468369511,1246.4929937616525
topology_17_prestress,amp=1,sample_4,2.5692331790924072,1220.9566399733733,1184.4296326405695,1221.600799393702,1290.8661624882172,1200.1552894013432,1242.8970383341739
topology_17_prestress,amp=1,sample_4,2.602599859237671,1201.8766871895211,1190.1200421816995,1212.0988944804153,1347.874338158358,1273.162920703223,1293.337154918949
topology_17_prestress,amp=1,sample_4,2.6359665393829346,1146.2034102371285,1186.7200355298212,1159.0419736185725,1353.0482454186263,1311.898386706641,1304.182662896814
topology_17_prestress,amp=1,sample_4,2.6693332195281982,1133.4543865222288,1169.2822580105951,1140.7380725003982,1299.750046967205,1293.7769954102544,1298.8154923193476
topology_17_prestress,amp=1,sample_4,2.702699899673462,1179.6745748677517,1168.5438394314936,1175.8653110993846,1248.7334752527186,1241.1782977479008,1270.0757367582648
topology_17_prestress,amp=1,sample_4,2.7360665798187256,1233.8036567272202,1187.0561184651544,1222.2073320347586,1256.5199835678713,1214.3070609467534,1263.856741965995
topology_17_prestress,amp=1,sample_4,2.7694332599639893,1215.6370670240258,1205.1594514615228,1210.872943709383,1300.7704409067837,1268.2796733277348,1311.4781164796082
topology_17_prestress,amp=1,sample_4,2.802799940109253,1152.085671729692,1203.9114446408441,1163.81942365624,1295.556763697764,1304.853174914649,1321.7229100228326
topology_17_prestress,amp=1,sample_4,2.8361666202545166,1134.8858399629592,1176.9442338711908,1130.8138212285746,1246.9712559352802,1271.520685900977,1276.019037893237
topology_17_prestress,amp=1,sample_4,2.8695333003997803,1180.3672300221033,1172.3113450772455,1182.2660612850318,1205.553485901029,1213.7773902314214,1214.0966672541456
topology_17_prestress,amp=1,sample_4,2.902899980545044,1235.2106549770656,1185.4562530286005,1224.0194333273523,1207.6755283517034,1189.6366611617116,1253.6390267229795
topology_17_prestress,amp=1,sample_4,2.9362666606903076,1234.6224111195986,1195.0403382546594,1219.7879932846065,1234.4155788965538,1233.2251231568364,1284.670477515472
topology_17_prestress,amp=1,sample_4,2.9696333408355713,1173.1318551535942,1202.1327285535028,1164.9550671958907,1217.895703150669,1257.452326525977,1276.247614217104
topology_17_prestress,amp=1,sample_4,3.003000020980835,1145.4058704166114,1178.1688184506586,1133.673595746753,1161.8319161479094,1240.2089106934575,1233.6275933106185
topology_17_prestress,amp=1,sample_4,3.0363664627075195,1177.154373314749,1167.3125142819574,1182.707492077251,1154.4527412504574,1218.3120620148686,1170.604786231115
topology_17_prestress,amp=1,sample_4,3.069733142852783,1226.4142135381835,1182.478989577978,1230.8933620968269,1206.4076731292853,1175.2592456238774,1206.9543745129931
topology_17_prestress,amp=1,sample_4,3.103099822998047,1224.9995810924825,1194.656812883108,1233.5493356081163,1250.0845410255104,1164.5366523163823,1230.248537931985
topology_17_prestress,amp=1,sample_4,3.1364665031433105,1184.9801512563236,1214.4910917050531,1176.6687417567243,1248.4666177257723,1167.2236888306645,1234.133898916167
topology_17_prestress,amp=1,sample_4,3.169833183288574,1145.1333084993994,1203.098130202978,1146.889595825467,1204.0188393029662,1167.550528277686,1176.1703659107263
topology_17_prestress,amp=1,sample_4,3.203199863433838,1167.1494853329748,1172.5076703793695,1174.4303739041572,1168.1387903277396,1206.2877299683598,1144.6087167512242
topology_17_prestress,amp=1,sample_4,3.2365665435791016,1221.5032754110177,1168.8579339749506,1223.8801488952001,1223.4980887608913,1223.7187144654301,1187.9431522268517
topology_17_prestress,amp=1,sample_4,3.2699332237243652,1217.84756744877,1191.615126586645,1228.05081187283,1305.1149047911128,1200.3797843354253,1237.284037254216
topology_17_prestress,amp=1,sample_4,3.303299903869629,1180.156452246938,1211.072188354223,1189.2537508985736,1288.4890665075468,1170.1927993195561,1255.8963094649905
topology_17_prestress,amp=1,sample_4,3.3366665840148926,1146.3429750703935,1203.2418699032953,1155.690789191551,1246.6790284953574,1166.3438212769536,1197.7738281791974
topology_17_prestress,amp=1,sample_4,3.3700332641601562,1151.7100748644334,1175.5896177060297,1160.7095703801742,1231.9427140130351,1209.973026980689,1171.3650605930839
topology_17_prestress,amp=1,sample_4,3.40339994430542,1206.493415992938,1165.7789411313227,1203.7425117399478,1236.5233071805023,1255.0179088013676,1213.3707680517402
topology_17_prestress,amp=1,sample_4,3.4367666244506836,1234.804746244967,1183.534006095617,1232.4267173588444,1278.4470659348513,1261.1092402833012,1267.0538648953345
topology_17_prestress,amp=1,sample_4,3.4701333045959473,1190.0564356571651,1200.7110976941278,1189.6169735693902,1307.648254858918,1206.3619239228276,1290.3047799536675
topology_17_prestress,amp=1,sample_4,3.503499984741211,1144.4902162013154,1188.8286812073877,1152.3350107096155,1248.2919688681136,1193.8225781815556,1231.1367486704996
topology_17_prestress,amp=1,sample_4,3.5368666648864746,1154.711042671565,1167.3990602261713,1158.1901584947732,1205.6427596943881,1240.9092547791508,1195.7271682158455
topology_17_prestress,amp=1,sample_4,3.5702333450317383,1187.7738899778706,1164.2793950802973,1191.5129553638508,1248.7304242193463,1259.4854915040044,1220.637062114442
topology_17_prestress,amp=1,sample_4,3.603600025177002,1226.2349933503424,1183.4733800656488,1221.888743735616,1275.4927041435267,1231.738013018897,1283.9323467376762
topology_17_prestress,amp=1,sample_4,3.6369664669036865,1215.2425064046517,1201.0081376797846,1212.3782296513682,1233.3521209572023,1206.4434935944585,1283.6329024650263
topology_17_prestress,amp=1,sample_4,3.67033314704895,1164.2349900531322,1198.257310367315,1153.4194874625173,1166.241475457272,1195.9540183442143,1237.0498721947763
topology_17_prestress,amp=1,sample_4,3.703699827194214,1165.6823014515821,1170.8978128201654,1154.14952510436,1104.4381783010538,1228.4819552796391,1191.107161636023
topology_17_prestress,amp=1,sample_4,3.7370665073394775,1205.4785808188656,1155.417138076513,1192.710148936259,1103.2858653130145,1270.4965617554692,1199.8107159411782
topology_17_prestress,amp=1,sample_4,3.770433187484741,1230.3998405530083,1175.0015287167719,1220.4992066442371,1167.4889256588374,1238.023142566016,1270.5671809698676
topology_17_prestress,amp=1,sample_4,3.803799867630005,1223.6567104615433,1205.7226886517694,1204.7949197782204,1166.374802133501,1163.4809310334233,1258.4883646447113
topology_17_prestress,amp=1,sample_4,3.8371665477752686,1198.8903862572838,1215.509766555517,1175.2394793788712,1089.7026160264595,1115.3303935425786,1177.0984165875873
topology_17_prestress,amp=1,sample_4,3.8705332279205322,1167.4225865032865,1199.9023933179071,1159.1935338609992,1072.6548125061984,1121.608462085059,1112.7535579993364
topology_17_prestress,amp=1,sample_4,3.903899908065796,1182.6835490156873,1179.5952300793817,1193.2693924537145,1103.5646963359418,1145.77495073252,1120.2659172716474
topology_17_prestress,amp=1,sample_4,3.9372665882110596,1223.598430900741,1182.4207782513788,1235.3253047981382,1160.6744580658005,1148.5329768555669,1167.455856833402
topology_17_prestress,amp=1,sample_4,3.9706332683563232,1225.972833830653,1205.251977897375,1223.1339970304612,1181.539374544593,1126.5095431702641,1182.800447477125
topology_17_prestress,amp=1,sample_4,4.003999948501587,1196.305208201876,1218.884766555517,1186.9222179668154,1125.6414140558372,1098.202097644141,1149.9296159045753
topology_17_prestress,amp=1,sample_4,4.037366628646851,1184.841362060237,1205.086502052038,1170.6648433474047,1048.5043105528496,1117.373224963477,1084.4331423552449
topology_17_prestress,amp=1,sample_4,4.070733308792114,1182.9731937642298,1184.2452773816278,1179.9344931961118,1039.7154248971126,1170.355267276099,1111.144484841772
topology_17_prestress,amp=1,sample_4,4.104099988937378,1213.0713445755302,1179.9536275632074,1207.2669530132384,1067.199853959716,1188.88280301266,1178.1732296514645
topology_17_prestress,amp=1,sample_4,4.137466669082642,1252.0825316079804,1198.6034993893793,1232.6981635745442,1069.5155115847513,1143.762198199561,1174.253513150793
topology_17_prestress,amp=1,sample_4,4.170833349227905,1224.9431139979145,1210.534783340185,1205.3911211653444,1023.38467075582,1103.520540942481,1146.835731787189
topology_17_prestress,amp=1,sample_4,4.204200029373169,1191.9824168617351,1199.8051328427484,1173.0496330099895,982.1705218345289,1104.5964534180669,1076.9949446631103
topology_17_prestress,amp=1,sample_4,4.2375664710998535,1190.42778596325,1194.219018913,1179.1303457794966,965.4144427485301,1110.3087794678715,1070.1388414360335
topology_17_prestress,amp=1,sample_4,4.270933151245117,1204.0936663665789,1201.2716130978754,1199.9982982557824,995.8540014694545,1099.6674067872075,1098.5925203417908
topology_17_prestress,amp=1,sample_4,4.304299831390381,1240.8288489408421,1210.9916867978266,1226.2037969132086,1019.655327855842,1073.7839000123051,1121.4534229622782
topology_17_prestress,amp=1,sample_4,4.3376665115356445,1246.990790647075,1209.874133086889,1233.1546533089045,1015.2121360913604,1055.7972361939458,1060.793132062302
topology_17_prestress,amp=1,sample_4,4.371033191680908,1209.462661200155,1195.4557537800958,1194.1644003503993,986.1493023927189,1064.2755076783208,1030.1436721831774
topology_17_prestress,amp=1,sample_4,4.404399871826172,1175.9334615399264,1195.6939306027582,1166.7659088742757,978.6077110103233,1073.0324809449223,1032.9268896385918
topology_17_prestress,amp=1,sample_4,4.4377665519714355,1191.756103736921,1211.5286092526605,1195.803690091504,1023.9554359404999,1065.6589457886723,1025.8644240953852
topology_17_prestress,amp=1,sample_4,4.471133232116699,1220.0833925757881,1220.5919351346186,1219.0272135190887,1059.7415292872724,1045.968439807227,1078.441522158536
topology_17_prestress,amp=1,sample_4,4.504499912261963,1244.2269393318456,1209.049160934179,1233.4293443925128,1054.65666857983,1047.6530558960942,1074.0346095880682
topology_17_prestress,amp=1,sample_4,4.537866592407227,1230.9768988490498,1190.028457141607,1215.1385410980602,1057.6697148912233,1071.2602794068364,1038.1073036338066
topology_17_prestress,amp=1,sample_4,4.57123327255249,1177.6142685962948,1186.1221236951044,1167.1893275193615,1036.3781251771127,1085.5429713624028,1016.6024242800197
topology_17_prestress,amp=1,sample_4,4.604599952697754,1166.2536278820105,1201.3507728345087,1178.0974680057782,1034.7436424742589,1085.6459376709965,1070.2081161060903
topology_17_prestress,amp=1,sample_4,4.637966632843018,1209.271386017109,1219.3738603360346,1213.4663388418858,1081.7113445229961,1071.9969355958012,1086.3062980600482
topology_17_prestress,amp=1,sample_4,4.671333312988281,1236.3320935860738,1212.9758805997064,1237.3949138808014,1133.7466781833748,1070.806330432227,1089.221931689255
topology_17_prestress,amp=1,sample_4,4.704699993133545,1236.377506541121,1191.6387092016032,1218.1406100246936,1090.794651257365,1102.651690234473,1118.2213014836548
topology_17_prestress,amp=1,sample_4,4.738066673278809,1198.7516550161517,1186.1780795819452,1182.9406068769854,1027.3980619413164,1124.207796801856,1067.4757475388208
topology_17_prestress,amp=1,sample_4,4.771433353424072,1163.528966969888,1199.4068221814325,1160.931553808237,1035.5247681386443,1105.8657176392583,1045.850087517262
topology_17_prestress,amp=1,sample_4,4.804800033569336,1186.3935240940943,1208.185553527563,1193.5876888362504,1079.4157556187852,1092.1459681885747,1120.4404028845236
topology_17_prestress,amp=1,sample_4,4.8381664752960205,1241.9662320629157,1209.44496057102,1234.3221542089605,1103.417737094452,1109.571612109473,1150.0996241886696
topology_17_prestress,amp=1,sample_4,4.871533155441284,1244.3466759585824,1202.5812949902704,1234.6558499674823,1086.5642303070065,1126.7194430726079,1113.5940845629252
topology_17_prestress,amp=1,sample_4,4.904899835586548,1203.912818801453,1192.4684808618715,1194.1955746231301,1056.8947878491435,1109.1707560914067,1077.329914071087
topology_17_prestress,amp=1,sample_4,4.9382665157318115,1171.9027527833298,1187.2823080784967,1164.0543025638995,1057.559797823673,1096.5845897095708,1056.485751359757
topology_17_prestress,amp=1,sample_4,4.971633195877075,1165.2415921504257,1193.352173543661,1173.3256811442739,1071.4671389509351,1096.980372180274,1098.3645257661199
topology_17_prestress,amp=1,sample_4,5.004999876022339,1219.0470419413134,1215.8550481564691,1221.0458803125605,1086.6651822642657,1106.480128039649,1150.9432092209606
topology_17_prestress,amp=1,sample_4,5.0383665561676025,1264.7110626273136,1220.8895902402094,1252.130458813742,1099.0244528583657,1110.984812487891,1086.5482896849815
topology_17_prestress,amp=1,sample_4,5.071733236312866,1217.2703415123765,1196.2140869862726,1210.4414623464606,1094.0125983657176,1116.7713954346684,1102.7009262482782
topology_17_prestress,amp=1,sample_4,5.10509991645813,1164.1708146570725,1174.5163049466303,1169.3537753519156,1085.9719602583277,1129.1961123841313,1069.9694111624603
topology_17_prestress,amp=1,sample_4,5.1384665966033936,1152.9297629018813,1184.72039649555,1157.8543265537983,1087.146835136958,1119.7853953736333,1086.6922190111104
topology_17_prestress,amp=1,sample_4,5.171833276748657,1192.6265098695612,1212.1759462124994,1199.8064752551873,1120.6410797008316,1097.6431987183598,1137.8422041407841
topology_17_prestress,amp=1,sample_4,5.205199956893921,1255.8998786860698,1227.870118118017,1251.3478553839511,1130.9885826748284,1102.0832164185551,1121.1402423768482
topology_17_prestress,amp=1,sample_4,5.238566637039185,1250.3478263846644,1212.5670652157953,1237.265544997941,1086.2453644072496,1142.6413752930669,1097.2387516726935
topology_17_prestress,amp=1,sample_4,5.271933317184448,1182.1068043461823,1180.5661363370111,1161.8690346584083,1048.1356886559404,1163.2554671662358,1118.524084831368
topology_17_prestress,amp=1,sample_4,5.305299997329712,1149.109614132108,1175.9944648511103,1142.5234337072452,1046.4604900959212,1148.7166659729985,1108.5564920787099
topology_17_prestress,amp=1,sample_4,5.338666677474976,1183.4240339787245,1192.1357642180612,1189.5208223584684,1057.6197912635178,1130.0354525940922,1103.3497118058117
topology_17_prestress,amp=1,sample_4,5.372033357620239,1246.324787582922,1215.3560971982172,1240.6223689079343,1077.6944841092031,1116.1429316895512,1165.7574944923608
topology_17_prestress,amp=1,sample_4,5.405399799346924,1267.90786031958,1229.359261489599,1239.5482278843638,1046.2850761262434,1115.7851436036137,1135.4341038620075
topology_17_prestress,amp=1,sample_4,5.4387664794921875,1223.6587271932667,1205.3072728879145,1194.6390997801807,995.6331612976437,1105.336085070899,1069.2539007007733
topology_17_prestress,amp=1,sample_4,5.472133159637451,1166.296038194128,1175.2458886868646,1142.9091942372067,972.4073059637024,1103.8851954834965,1072.0773500652724
topology_17_prestress,amp=1,sample_4,5.505499839782715,1164.2594722503002,1174.4559869534662,1163.3740452371867,1014.5762467874458,1110.6611430542973,1089.009171038601
topology_17_prestress,amp=1,sample_4,5.5388665199279785,1222.0446426546916,1205.815228439062,1238.2415528179545,1066.6247724041004,1098.1310145752934,1097.1628146022686
topology_17_prestress,amp=1,sample_4,5.572233200073242,1266.377942135027,1240.8479814297846,1261.0286979462019,1083.552289718461,1072.3932902710942,1090.2927300966542
topology_17_prestress,amp=1,sample_4,5.605599880218506,1233.5996755803067,1232.2048311001947,1212.591406483962,1087.5942570703198,1051.9717662232426,1063.9990353660744
topology_17_prestress,amp=1,sample_4,5.6389665603637695,1169.7965791516503,1187.1825113064936,1163.6639798467043,1060.3372382879759,1053.7239787476567,1033.2267131878161
topology_17_prestress,amp=1,sample_4,5.672333240509033,1143.3750331021013,1163.5916909939936,1150.6735982532746,1054.550653347211,1086.7302958863286,1021.4012978855648
topology_17_prestress,amp=1,sample_4,5.705699920654297,1198.300064278075,1194.954012370794,1207.7715641905222,1089.2456764804913,1110.849444140723,1112.9761203014266
topology_17_prestress,amp=1,sample_4,5.7390666007995605,1262.1992551493715,1228.5180482632807,1256.5817461197817,1115.3981739901164,1114.8989512818364,1122.2981796929212
topology_17_prestress,amp=1,sample_4,5.772433280944824,1254.6742491737182,1219.1471471554926,1245.3492235484007,1109.8124226062603,1111.5963771241215,1080.1462149406425
topology_17_prestress,amp=1,sample_4,5.805799961090088,1174.075989381899,1184.2336349255731,1180.4987190834847,1076.3190251258843,1112.6484553711919,1087.8277349689777
topology_17_prestress,amp=1,sample_4,5.839166641235352,1133.6978032576628,1166.6022481686762,1123.8363194850829,1054.9235882918856,1123.1074626343755,1090.950072952693
topology_17_prestress,amp=1,sample_4,5.872533321380615,1177.2148933090068,1186.6119699246576,1186.9449286285928,1080.1958049917796,1123.2065379517583,1095.465574186776
topology_17_prestress,amp=1,sample_4,5.905900001525879,1253.004852122037,1224.6633386380365,1249.8239984440618,1101.5686721820657,1112.993815173438,1143.2503488937011
topology_17_prestress,amp=1,sample_4,5.939266681671143,1274.5945080938316,1232.0514802701166,1260.3847330222247,1100.973646780546,1110.3753383057622,1115.0822377719726
topology_17_prestress,amp=1,sample_4,5.972633361816406,1199.3594084174003,1194.4455549485376,1190.219665946243,1059.7223467075473,1112.2624461548833,1105.2321205246865
topology_17_prestress,amp=1,sample_4,6.005999803543091,1138.1530588010125,1159.6861009366205,1131.93392029009,1078.814009378341,1129.5044467347172,1072.4167414073552
topology_17_prestress,amp=1,sample_4,6.0393664836883545,1147.7143054411954,1170.3041181332758,1157.1114332840552,1129.7012508529087,1130.6712291138676,1110.7295650466974
topology_17_prestress,amp=1,sample_4,6.072733163833618,1219.509432944838,1217.2984170682123,1237.279083779745,1144.3653469788715,1109.956721057227,1139.9635576090695
topology_17_prestress,amp=1,sample_4,6.106099843978882,1275.5790121373307,1248.472428298681,1272.1369669000437,1117.8307944952842,1089.276270617774,1113.30219687061
topology_17_prestress,amp=1,sample_4,6.1394665241241455,1228.0736113143266,1218.9416837460687,1211.0725345289175,1068.9862218321052,1082.901530017188,1102.9697471196673
topology_17_prestress,amp=1,sample_4,6.172833204269409,1165.7359792001278,1163.6664170987299,1131.4075528050287,1043.0696785078192,1134.7901828187016,1107.4562506396705
topology_17_prestress,amp=1,sample_4,6.206199884414673,1152.8259791020926,1159.9418039090326,1154.875586429602,1031.5313260675548,1185.60893510752,1109.7001187096491
topology_17_prestress,amp=1,sample_4,6.2395665645599365,1206.5505520411352,1206.7226876980951,1209.6245391392024,1030.6374161667738,1163.0587012665776,1145.6366959785285
topology_17_prestress,amp=1,sample_4,6.2729332447052,1278.2489629168506,1234.5199975735834,1264.1885509939818,1034.271801804035,1099.8842875855473,1142.0491280002352
topology_17_prestress,amp=1,sample_4,6.306299924850464,1258.5490629286899,1217.2966947323969,1233.0035584622935,1021.3424688390887,1068.92973588877,1101.4048724762436
topology_17_prestress,amp=1,sample_4,6.3396666049957275,1191.3850535203728,1167.367791152685,1158.0831175558874,1029.3421818481613,1086.890284289649,1085.03860723135
topology_17_prestress,amp=1,sample_4,6.373033285140991,1146.2338622386098,1157.5727853543451,1140.6730830103397,998.6068465509436,1112.6213939087895,1063.016588245253
topology_17_prestress,amp=1,sample_4,6.406399965286255,1184.8671143524218,1208.6211747891596,1194.7397604406306,991.0591213324226,1097.6154200928715,1064.4776895545197
topology_17_prestress,amp=1,sample_4,6.4397666454315186,1260.2165732657506,1246.2029924161127,1262.5471467771038,1043.091307774513,1061.18706010752,1052.7129537200244
topology_17_prestress,amp=1,sample_4,6.473133325576782,1262.1232852409794,1229.6289338833978,1262.9879431060313,1078.0734091037584,1052.801676501563,1067.7907064428002
topology_17_prestress,amp=1,sample_4,6.506500005722046,1210.6712908637253,1176.8841724164179,1187.9204986774137,1060.0858267801534,1078.5162150757817,1074.1315650180095
topology_17_prestress,amp=1,sample_4,6.53986668586731,1152.8644684386084,1163.748276687353,1138.3986361754398,1041.8603295194482,1103.1230723755864,1058.1609885886157
topology_17_prestress,amp=1,sample_4,6.573233366012573,1159.7247121741948,1203.0392637021234,1161.346933470663,1068.9148031665814,1089.6204478638676,1030.1383995305596
topology_17_prestress,amp=1,sample_4,6.606599807739258,1226.2842289252337,1229.7817125088861,1245.39172143713,1108.350140910556,1072.536326159766,1062.419071090973
topology_17_prestress,amp=1,sample_4,6.6399664878845215,1253.4862023139926,1222.2593545682123,1265.1946428535653,1130.0830257404498,1083.5902049439458,1113.70996558829
topology_17_prestress,amp=1,sample_4,6.673333168029785,1217.371654596287,1190.6379323966196,1213.3021985901073,1122.0532053382046,1100.5776774781255,1092.672944477012
topology_17_prestress,amp=1,sample_4,6.706699848175049,1157.2763373701407,1173.467343307226,1152.1787473928462,1111.6977211636129,1110.8358180420903,1083.4973752666972
topology_17_prestress,amp=1,sample_4,6.7400665283203125,1155.4080711155952,1191.8790534056118,1144.311114777344,1133.3597321478135,1122.8592708008794,1100.2253323912905
topology_17_prestress,amp=1,sample_4,6.773433208465576,1198.7315050584893,1218.4467134244135,1213.3800651626766,1143.244579753871,1135.1853206055669,1117.4550210223235
topology_17_prestress,amp=1,sample_4,6.80679988861084,1245.2213938787156,1209.7823400265863,1255.5948566463787,1139.3440171919374,1136.1078708069829,1133.2224120565681
topology_17_prestress,amp=1,sample_4,6.8401665687561035,1228.2107359066565,1180.5800256497553,1222.1495748024934,1146.62452611325,1129.4638812439946,1137.2244050414722
topology_17_prestress,amp=1,sample_4,6.873533248901367,1159.6978201032232,1167.063591933935,1156.7219021307512,1167.0932933696572,1136.227644671729,1149.0894477368038
topology_17_prestress,amp=1,sample_4,6.906899929046631,1153.9990619645944,1188.0954181916406,1155.4900908742052,1153.8441259162403,1160.159773577979,1122.4954638590873
topology_17_prestress,amp=1,sample_4,6.9402666091918945,1194.3654136632385,1228.9527597195795,1199.685047818613,1119.2679631121257,1161.7011458771733,1141.2667331346124
topology_17_prestress,amp=1,sample_4,6.973633289337158,1241.0421979707796,1217.123702026098,1233.8892692416346,1124.8501565339004,1138.577944506934,1161.1535570636604
topology_17_prestress,amp=1,sample_4,7.006999969482422,1236.8561655474557,1172.2620763547113,1225.842896439388,1136.850394516145,1149.885733355811,1148.5455285918345
topology_17_prestress,amp=1,sample_4,7.0403666496276855,1181.0057158411314,1156.2500810391596,1175.0453616569578,1123.25264762494,1181.006254424384,1182.2988032288954
topology_17_prestress,amp=1,sample_4,7.073733329772949,1163.3015552650793,1190.4575685031107,1147.7967419162312,1096.9590535609757,1187.2781023877171,1160.5407634378748
topology_17_prestress,amp=1,sample_4,7.107100009918213,1189.1359400075598,1233.5816659695795,1191.7097403707376,1078.7539399889927,1140.4798762696294,1123.9628683707524
topology_17_prestress,amp=1,sample_4,7.140466690063477,1240.5513913927414,1229.7910394437006,1233.6011397202399,1085.0206084261274,1106.2789637940434,1129.5494811084939
topology_17_prestress,amp=1,sample_4,7.173833131790161,1236.1092559935169,1184.8895568616083,1229.7736942034971,1109.3614405348073,1124.7289187806157,1153.8160732065446
topology_17_prestress,amp=1,sample_4,7.207199811935425,1195.9234650944795,1152.0119905240228,1189.143400520386,1103.9822885108013,1155.4561984437016,1151.2323988595094
topology_17_prestress,amp=1,sample_4,7.2405664920806885,1174.3123872894723,1182.666564918249,1158.6280500318549,1090.5671174836518,1174.2599112885503,1118.3385737441029
topology_17_prestress,amp=1,sample_4,7.273933172225952,1180.8742341169732,1230.1046685940912,1178.1022382166016,1058.2607223938294,1150.182551135352,1104.680957909746
topology_17_prestress,amp=1,sample_4,7.307299852371216,1225.6860509757105,1243.4420022732904,1230.4623182143507,1039.4792215790515,1111.4219767945317,1101.2590105107697
topology_17_prestress,amp=1,sample_4,7.3406665325164795,1245.5395651241247,1205.1961259610346,1238.5063646640178,1053.690821729825,1103.7878291504887,1113.1824358758165
topology_17_prestress,amp=1,sample_4,7.374033212661743,1219.7247325114975,1157.3201188809564,1207.0682653679908,1052.5125994987695,1124.6052119629887,1130.1323771302798
topology_17_prestress,amp=1,sample_4,7.407399892807007,1189.2170316234178,1168.6957731015375,1161.6954589888587,1058.515469723437,1176.171944369605,1132.4189278999306
topology_17_prestress,amp=1,sample_4,7.4407665729522705,1181.3851488842176,1220.066874480932,1175.1925493819115,1038.056916161194,1175.9951150315312,1072.2705435516236
topology_17_prestress,amp=1,sample_4,7.474133253097534,1205.7087764313542,1242.5305146939447,1211.6224357342546,1030.712011577636,1124.0206782715825,1073.3572753331039
topology_17_prestress,amp=1,sample_4,7.507499933242798,1233.8296464286436,1215.7131223447016,1240.942593822168,1050.41596393151,1084.395296801856,1084.086266475336
topology_17_prestress,amp=1,sample_4,7.5408666133880615,1225.0884139542568,1158.3807229764154,1219.8024520257968,1090.3260869362693,1081.5481822388676,1093.3535618152887
topology_17_prestress,amp=1,sample_4,7.574233293533325,1187.2865177042554,1145.408375716894,1177.9486174901604,1136.6173297821624,1137.5663897889165,1117.790394384736
topology_17_prestress,amp=1,sample_4,7.607599973678589,1176.4653951286182,1206.728872276037,1179.934788347994,1108.5350684086395,1165.4527594941167,1060.3884977647338
topology_17_prestress,amp=1,sample_4,7.6409666538238525,1193.6706645891707,1246.659481979101,1199.6664198997212,1073.1558813850397,1132.086733569434,1064.6997730804362
topology_17_prestress,amp=1,sample_4,7.674333333969116,1219.8658779353418,1214.3807191617182,1222.6350141992957,1085.7900373112354,1110.3594462769536,1072.2269080366502
topology_17_prestress,amp=1,sample_4,7.70770001411438,1214.496741890092,1160.21662614414,1212.4028513968556,1127.7710286741212,1115.7163035767583,1139.9830749028413
topology_17_prestress,amp=1,sample_4,7.7410666942596436,1202.176303340171,1155.1443261868646,1196.9792213224391,1177.5871986823374,1164.8092162507085,1133.5879098663834
topology_17_prestress,amp=1,sample_4,7.774433135986328,1179.2274869643697,1211.9849099881342,1186.2468795125444,1164.2435209848045,1179.877767314246,1122.71238069483
topology_17_prestress,amp=1,sample_4,7.807799816131592,1183.9544410852882,1237.570168472021,1186.295948196131,1133.2757915855575,1136.2760531800297,1109.9232008937145
topology_17_prestress,amp=1,sample_4,7.8411664962768555,1196.9364032852563,1204.402217841833,1215.2340067940281,1131.1756744888958,1124.0947444336919,1081.922786485614
topology_17_prestress,amp=1,sample_4,7.874533176422119,1195.3979673499218,1159.6213464505365,1208.83036758634,1219.0650595356396,1140.2760302918462,1164.8358724909522
topology_17_prestress,amp=1,sample_4,7.907899856567383,1196.2296904693526,1157.7843026883295,1198.0575078736078,1269.3371623899898,1181.9274041550664,1188.186542146337
topology_17_prestress,amp=1,sample_4,7.9412665367126465,1189.0058789429659,1213.7107801205805,1190.0016895560893,1171.8787024994715,1210.2037112610844,1191.257386638349
topology_17_prestress,amp=1,sample_4,7.97463321685791,1190.5250704006678,1233.6537179715326,1179.6928837110997,1115.6669051127178,1168.1903540986089,1137.679810762063
topology_17_prestress,amp=1,sample_4,8.007999897003174,1190.8089504488066,1181.262108779638,1197.0199146864406,1138.638885025316,1170.6443068879155,1120.4509236895888
topology_17_prestress,amp=1,sample_4,8.041366577148438,1194.9166521421673,1148.0414972073725,1201.434428856803,1222.4993616432607,1213.9762999909428,1208.490602315052
topology_17_prestress,amp=1,sample_4,8.074733257293701,1202.6726761988423,1167.0873746640375,1204.517885457605,1242.1690395111464,1236.3232142823247,1247.0060938302606
topology_17_prestress,amp=1,sample_4,8.108099937438965,1182.0752622275927,1226.9496583707025,1184.4245055411302,1195.8099529076114,1193.2607309716252,1219.0996871393304
topology_17_prestress,amp=1,sample_4,8.141466617584229,1190.344284944045,1234.224610305517,1183.3116896067008,1141.7052427306364,1127.590811480811,1126.221645350719
topology_17_prestress,amp=1,sample_4,8.174833297729492,1187.1561273333643,1196.7660732037714,1198.0590140079707,1119.7716806075236,1150.5733592408208,1118.8180382705762
topology_17_prestress,amp=1,sample_4,8.208199977874756,1201.3798611537181,1163.3263482815912,1195.232232120093,1163.1339902938973,1215.2248523133305,1226.8114188446061
topology_17_prestress,amp=1,sample_4,8.24156665802002,1216.667702139801,1176.6494064099481,1204.0889487514942,1203.4679350642207,1232.3581416504887,1227.2112831107274
topology_17_prestress,amp=1,sample_4,8.274933338165283,1196.060486177426,1221.6024904019525,1192.7659094171481,1179.044900539223,1183.7769601243047,1219.8190777712741
topology_17_prestress,amp=1,sample_4,8.308300018310547,1188.3781619339052,1221.491549468725,1183.4990521274115,1125.4613758009202,1141.2686564820317,1123.5957739939706
topology_17_prestress,amp=1,sample_4,8.34166669845581,1172.1467415983034,1191.24393550226,1186.1334563308883,1109.8518566617095,1151.8593432801274,1135.3070238065002
topology_17_prestress,amp=1,sample_4,8.375033140182495,1192.711026521539,1168.1873826749018,1192.304569427399,1199.1280493845463,1160.323866595557,1175.7275671788882
topology_17_prestress,amp=1,sample_4,8.408399820327759,1203.4830175075733,1175.2304219968012,1205.9210097852615,1243.4051570828965,1171.7732608216313,1221.5031545938093
topology_17_prestress,amp=1,sample_4,8.441766500473022,1208.2807598132385,1215.767392135351,1213.7128094299396,1213.4924807657685,1174.9235770600346,1192.634202543889
topology_17_prestress,amp=1,sample_4,8.475133180618286,1193.8406009808323,1227.738266921728,1189.7767158396891,1145.8507533169732,1147.0352504151372,1119.8961493761508
topology_17_prestress,amp=1,sample_4,8.50849986076355,1164.7096642531385,1188.8319082028559,1178.211312000678,1131.3515171110573,1164.319197406104,1113.4658149803313
topology_17_prestress,amp=1,sample_4,8.541866540908813,1185.1515222198268,1163.8088140256098,1178.9881093987442,1199.8438473204792,1196.9184892075566,1197.2257341644201
topology_17_prestress,amp=1,sample_4,8.575233221054077,1197.4092768182275,1181.6940698392084,1199.4427877292146,1241.7892228232417,1206.7104136841801,1253.7376056514636
topology_17_prestress,amp=1,sample_4,8.60859990119934,1215.5309537922642,1224.0475892789057,1214.399470782627,1220.8011843405318,1193.7617657082585,1221.4933795800289
topology_17_prestress,amp=1,sample_4,8.641966581344604,1206.6571218402592,1229.280762649267,1199.824818249446,1124.2658465477955,1155.6665866272954,1140.0989553826817
topology_17_prestress,amp=1,sample_4,8.675333261489868,1170.5559499729404,1189.0579116112879,1168.5012260975795,1119.0356827425974,1172.0412337677983,1137.5260278046478
topology_17_prestress,amp=1,sample_4,8.708699941635132,1173.9829781721464,1161.2027005917719,1175.3501762341002,1207.386578491855,1203.4184043305424,1191.4196008436518
topology_17_prestress,amp=1,sample_4,8.742066621780396,1185.406689641474,1178.4230165249994,1196.7258344220024,1248.5871728976117,1199.3548219101933,1227.3692497326308
topology_17_prestress,amp=1,sample_4,8.77543330192566,1221.6589306969627,1218.696227050512,1220.2844834270873,1242.101326901321,1177.4054410355595,1234.3937069664935
topology_17_prestress,amp=1,sample_4,8.808799982070923,1200.6041704209522,1229.5214814908197,1199.0186409499663,1182.6384018146864,1134.4390246766118,1154.9032951570066
topology_17_prestress,amp=1,sample_4,8.842166662216187,1171.66388188015,1193.1552957064798,1178.0729344392207,1140.935010789065,1159.3855368989018,1111.8534145838123
topology_17_prestress,amp=1,sample_4,8.87553334236145,1170.9069296564676,1162.7215966946771,1173.216747620541,1216.6686079150877,1211.1205851929692,1187.0414504606536
topology_17_prestress,amp=1,sample_4,8.908900022506714,1177.8630086124251,1178.4149160153559,1183.707407596689,1290.2311795167907,1216.9195105927495,1249.2513491907011
topology_17_prestress,amp=1,sample_4,8.942266464233398,1219.9025492180756,1217.7396459347895,1222.0842881566712,1259.586317791365,1190.2162166731862,1234.799943546052
topology_17_prestress,amp=1,sample_4,8.975633144378662,1209.3929298897965,1223.6776151425531,1207.0890118643183,1156.5082799884153,1164.210325946143,1193.2206411665811
topology_17_prestress,amp=1,sample_4,9.008999824523926,1173.0346022795566,1188.0929548508814,1173.6402916953784,1156.8511803658225,1178.676954020789,1140.1887126575184
topology_17_prestress,amp=1,sample_4,9.04236650466919,1158.987358371376,1162.5872697598627,1162.316401252405,1222.9559190384257,1219.1961886780766,1219.093086544626
topology_17_prestress,amp=1,sample_4,9.075733184814453,1181.3779203543138,1179.922876334875,1186.2159460595938,1266.995221242517,1238.5170428650883,1260.6750166662903
topology_17_prestress,amp=1,sample_4,9.109099864959717,1217.8326765993263,1220.5659684903314,1217.4076721532197,1273.6944398669498,1208.3151118653325,1267.4065773369275
topology_17_prestress,amp=1,sample_4,9.14246654510498,1207.051462841182,1221.3499021298578,1209.1452806992709,1212.581893500611,1152.551130999854,1170.1345123146318
topology_17_prestress,amp=1,sample_4,9.175833225250244,1174.564165029871,1190.9553672439745,1189.0165975901284,1173.2547744245633,1171.273106326392,1131.4576124271143
topology_17_prestress,amp=1,sample_4,9.209199905395508,1144.587736090809,1168.4727639920404,1156.2523763063227,1225.3664871673304,1225.7459094422368,1223.227606318834
topology_17_prestress,amp=1,sample_4,9.242566585540771,1175.1973436418011,1178.623484588354,1171.0780321415034,1272.3082972333596,1241.8629901307133,1278.9095378652319
topology_17_prestress,amp=1,sample_4,9.275933265686035,1229.9514878855002,1213.4959993130853,1223.590202963647,1238.9112080254436,1213.622290362647,1263.7021202620447
topology_17_prestress,amp=1,sample_4,9.309299945831299,1225.5698543337062,1217.8090600735834,1216.4547141752146,1145.6519417986678,1180.6979372399358,1190.5479140805041
topology_17_prestress,amp=1,sample_4,9.342666625976562,1182.2253783649344,1185.6969942814997,1182.7999651384953,1129.1143992197315,1191.1650338070897,1160.0264218511527
topology_17_prestress,amp=1,sample_4,9.376033306121826,1150.395915695742,1166.8189306027582,1147.3918558814719,1217.416605275546,1212.033978213599,1206.8409618674955
topology_17_prestress,amp=1,sample_4,9.40939998626709,1163.340154048859,1183.6930999524286,1173.618329140618,1277.9072093557563,1202.6331193345097,1253.6255619916942
topology_17_prestress,amp=1,sample_4,9.442766666412354,1215.9713721847877,1218.1354436642816,1222.2571058337617,1263.4812618757383,1183.7800943749455,1256.0901284419306
topology_17_prestress,amp=1,sample_4,9.476133346557617,1227.4850187109255,1231.5180558926752,1231.0666801730847,1186.8307014624083,1145.9511401551274,1163.0573678635888
topology_17_prestress,amp=1,sample_4,9.50950002670288,1181.4659226282772,1202.5576429135492,1188.6908865289993,1171.3354813391861,1161.808060397437,1132.0743469412337
topology_17_prestress,amp=1,sample_4,9.542866468429565,1154.200080566978,1174.1827020413568,1147.677724170815,1216.5482200529532,1227.340983142188,1211.0431250873612
topology_17_prestress,amp=1,sample_4,9.576233148574829,1167.6357039917787,1181.6279744870355,1166.1836690996568,1238.0518469573294,1243.2102343934087,1248.5475825488854
topology_17_prestress,amp=1,sample_4,9.609599828720093,1216.2746387148386,1217.4142236478021,1211.8668720960122,1246.4569106416398,1202.4400479691533,1257.0302954989827
topology_17_prestress,amp=1,sample_4,9.642966508865356,1228.4460749076784,1224.6245431668451,1227.8738188317654,1170.7334553930764,1158.0755507843999,1183.0710509162243
topology_17_prestress,amp=1,sample_4,9.67633318901062,1194.6174451195325,1194.3965575463465,1192.5148617834868,1125.0693203596109,1184.782996644309,1171.1690216991108
topology_17_prestress,amp=1,sample_4,9.709699869155884,1159.4425711893002,1174.0990113980463,1149.6106034972656,1191.0424467483183,1220.6439311402348,1213.95242149331
topology_17_prestress,amp=1,sample_4,9.743066549301147,1157.2855807843298,1184.229065395086,1161.514985693651,1240.68194509239,1204.1533648865727,1233.132030153567
topology_17_prestress,amp=1,sample_4,9.776433229446411,1215.7410194126583,1210.6418237454584,1211.30241989007,1238.093718404998,1174.3138139145879,1239.5023050866153
topology_17_prestress,amp=1,sample_4,9.809799909591675,1231.999589498014,1217.0061673886469,1239.2444262149443,1181.2993960932665,1150.4329898255376,1157.207380782118
topology_17_prestress,amp=1,sample_4,9.843166589736938,1190.1040178123258,1193.3105417258432,1195.9682874648122,1171.1331360975719,1162.3652121918706,1140.0387957000273
topology_17_prestress,amp=1,sample_4,9.876533269882202,1154.0624277857548,1176.435698486059,1162.295103269809,1211.1285914559448,1188.4543320956138,1192.083287793712
topology_17_prestress,amp=1,sample_4,9.909899950027466,1143.0628548807438,1184.8729581601312,1152.7945944454593,1237.3625442640064,1201.9208543198613,1231.7037717332585
topology_17_prestress,amp=1,sample_4,9.94326663017273,1213.4589594009296,1209.8218583829096,1206.623663296336,1227.3444658998644,1189.092671980193,1253.234397054662
