time_s,target_x_px,target_y_px,pred_x_px,pred_y_px,residual_x_px,residual_y_px,split
5.138466835021973,958.891198435002,1012.8411971719953,957.2192468270691,1012.9651673287327,1.6719516079328969,-0.12397015673741407,train
5.171833515167236,964.8149348835627,1011.1863822001278,960.313144614857,1012.4822788106884,4.50179026870569,-1.2958966105605896,train
5.2052001953125,987.9718666684396,1003.4825417287682,990.6731560520504,1006.9190663909002,-2.701289383610856,-3.436524662132001,train
5.238566875457764,985.1595045656354,1015.458050870471,977.7730485436018,1011.9187513774501,7.386456022033599,3.539299493020849,train
5.271933555603027,976.557988596222,1015.1849667930533,993.8523222889302,1010.781257853805,-17.294333692708165,4.403708939248304,train
5.305299997329712,982.0133197327136,1003.5906157501174,978.7529764024162,1012.8230434911615,3.2603433302974736,-9.232427741044035,train
5.338666677474976,992.4744101051385,1010.4896538880032,986.4860289830553,1010.7950986829974,5.988381122083183,-0.3054447949941732,train
5.372033357620239,964.9863387617463,1016.1220275013994,993.5673689642545,1006.5956253333119,-28.581030202508146,9.526402168087543,train
5.405400037765503,944.5640102855759,1010.6570075140323,956.1420368854866,1013.9192507238162,-11.578026599910686,-3.2622432097838328,train
5.438766717910767,944.5827795865457,1018.1285291081801,997.0609817854668,1009.0770456610617,-52.47820219892105,9.051483447118471,train
5.47213339805603,943.1222391361644,1037.9112863303612,974.511383113874,1020.8797534072949,-31.389143977709637,17.03153292306638,train
5.505500078201294,912.7477197480955,1017.866919866055,960.8137180811868,1013.9303466950732,-48.06599833309133,3.9365731709817737,train
5.538866758346558,904.6885687867132,1006.2671699677016,970.8969465729467,1004.9795796569907,-66.20837778623354,1.2875903107109252,train
5.572233438491821,932.0621789260497,1017.1304062366629,989.0002221660227,1007.600391776859,-56.93804323997301,9.530014459803851,train
5.605600118637085,910.0310817353202,1049.3447690179214,939.2977701450286,1025.3931540585925,-29.266688409708422,23.951614959328936,train
5.638966798782349,881.5676500160594,1033.2200995512276,973.3672658227789,1010.8195333729236,-91.79961580671954,22.40056617830396,train
5.672333478927612,898.3758898394535,1005.5455313654312,961.5770823416977,997.863071341075,-63.201192502244226,7.682460024356146,train
5.705700159072876,920.653539999814,1007.3720138827098,956.9392139351123,1014.0807929966371,-36.28567393529829,-6.708779113927335,train
5.73906683921814,914.2847633434965,1043.8090690676402,918.316695817592,1032.5382460638823,-4.03193247409547,11.270823003757869,train
5.772433519363403,917.7006256789041,1028.7751252041187,942.305220864671,1011.3315924825092,-24.604595185766925,17.443532721609472,train
5.805800199508667,932.2332783005704,1004.0419039193334,947.5604914207507,1008.2907163939329,-15.327213120180318,-4.248812474599504,train
5.839166879653931,908.611538700032,1019.3391341399763,912.5087405972462,1025.1955690059447,-3.8972018972141313,-5.856434865968367,train
5.872533321380615,897.4194057500631,1034.3382927561975,919.3914217458547,1023.7245532405055,-21.972015995791594,10.613739515691918,train
5.905900001525879,929.1887481207564,1020.5404516095355,945.2180040627504,1010.0571612891451,-16.02925594199405,10.483290320390324,train
5.939266681671143,953.2703926383776,1003.8227369370252,993.7813980991954,1005.7102696927029,-40.51100546081773,-1.8875327556777393,train
5.972633361816406,955.3073381957163,1020.1399957260305,921.493667917368,1026.2125240277805,33.81367027834824,-6.072528301750026,train
6.00600004196167,975.2163145532836,1021.2453236095532,937.5062777100708,1023.6331824817842,37.71003684321283,-2.387858872230936,train
6.039366722106934,980.29203322682,1005.8815590177345,962.3773017699323,1003.2127912045744,17.914731456887694,2.668767813160116,train
6.072733402252197,991.9606275180508,993.1707564924247,970.1670154678277,1008.094270319632,21.793612050223146,-14.923513827207216,train
6.106100082397461,978.7437332997758,1020.7648658290013,966.17866603265,1019.7308522405636,12.565067267125869,1.0340135884376878,train
6.139466762542725,960.198540607563,1034.2237044383405,978.7620431476871,1017.2345316593146,-18.56350254012409,16.98917277902592,train
6.172833442687988,971.6543427551715,1017.2634891404955,983.0706369205091,1005.4946614897984,-11.416294165337604,11.768827650697062,train
6.206200122833252,992.5118248854751,982.646851284582,999.3073060545123,998.514323473874,-6.795481169037203,-15.867472189292016,train
6.239566802978516,1004.6456369888488,1009.8897147448548,984.1078402899097,1022.0640873415866,20.53779669893902,-12.174372596731814,train
6.272933483123779,1009.9058004793926,1025.7014571698046,962.2649252225406,1018.2906009708823,47.64087525685204,7.410856198922261,train
6.306300163269043,1015.0783756691633,1004.4041945865118,1007.0026234426317,1001.0540687478308,8.075752226531563,3.3501258386810377,train
6.339666843414307,1008.0688458184675,986.7337365026417,981.9493803451018,1003.1642365475622,26.11946547336572,-16.43050004492045,train
6.37303352355957,1029.2489747413695,1012.2839031933261,986.8176020296551,1012.4988637145583,42.4313727117144,-0.21496052123222853,train
6.406400203704834,1078.532860580204,1000.2386083016474,1011.6278046949097,1008.2788590512735,66.90505588529425,-8.040250749626011,train
6.439766883850098,1096.853946152951,980.8518526992284,1000.8027109602778,1002.0521424300495,96.05123519267329,-21.200289730821055,train
6.473133325576782,1067.3746408845411,994.6283723524292,983.6688642099468,1013.9395557184665,83.70577667459429,-19.311183366037312,train
6.506500005722046,1050.9407991145588,1011.3749557055291,983.4157245076234,1016.0391958118885,67.52507460693539,-4.66424010635933,train
6.53986668586731,1060.0190708904086,997.7763060865002,1035.6987074745066,990.4364718953094,24.320363415901966,7.339834191190789,train
6.573233366012573,1039.535464480641,987.9350299313445,1046.8882787452667,999.5385220675676,-7.352814264625749,-11.603492136223053,train
6.606600046157837,1021.8784682248449,1009.2503765303466,1058.6622229531363,1001.8829825900414,-36.78375472829134,7.367393940305192,train
6.639966726303101,1018.9885397124569,1015.4226407752791,1071.0119127764071,1004.5638582334832,-52.0233730639502,10.858782541795904,train
6.673333406448364,1009.4970970547961,1007.773093449546,1037.0583947562066,992.4121193360842,-27.561297701410467,15.360974113461793,train
6.706700086593628,945.0778363034567,999.9443686858082,1038.9561433031645,994.6043368977159,-93.87830699970777,5.340031788092233,train
6.740066766738892,934.1779389486937,1026.2043534167785,1036.8945638824464,1004.2177224117595,-102.71662493375266,21.986631005019035,train
6.773433446884155,972.1620709693029,1028.1750658261176,1043.9590665033688,1007.2544216700235,-71.7969955340659,20.920644156094113,train
6.806800127029419,957.9322770286224,1023.8276557632628,975.92350934646,1013.378731617126,-17.99123231783767,10.448924146136733,train
6.840166807174683,929.4846331942456,1004.4997675853765,983.7200555735116,1000.0294348823656,-54.23542237926597,4.470332703010854,train
6.873533487319946,963.2088954681351,1012.7647834797431,996.5775473956384,1002.3845048888029,-33.368651927503265,10.38027859094018,train
6.90690016746521,1003.3277125137831,1013.4279690935125,979.2488564591815,1013.4364248086689,24.0788560546016,-0.008455715156401311,train
6.940266847610474,934.0289821150714,1027.8257796331388,949.504078608012,1012.475945603735,-15.47509649294068,15.349834029403837,train
6.973633527755737,923.1198490088725,1019.4931737715439,979.0338593500202,1015.4656393905999,-55.91401034114767,4.027534380943962,train
7.007000207901001,986.7400935189776,1010.6080179043176,1022.9197439981403,1001.6678723773854,-36.179650479162774,8.94014552693227,train
7.040366888046265,991.7320582307975,1005.1077305586094,967.5776599505906,1014.1134572716217,24.15439828020692,-9.005726713012223,train
7.073733329772949,965.9492935584005,1011.6783464845836,969.5047434878653,1014.6671038642096,-3.5554499294647712,-2.9887573796260085,train
7.107100009918213,1020.7980550108039,1004.9678479155546,991.6493157578832,1005.8569764669685,29.148739252920677,-0.8891285514139327,train
7.140466690063477,1042.5898473667025,997.7452258446918,1024.1887543763187,1002.9050918781198,18.40109299038386,-5.159866033427988,train
7.17383337020874,979.57481648555,1011.6783144384895,960.8866986437381,1012.5896734498173,18.688117841811845,-0.9113590113278178,train
7.207200050354004,948.8232862049033,1017.8718827391513,968.3099971265295,1014.0960825759463,-19.48671092162624,3.7758001632049627,train
7.240566730499268,978.0079437199786,1008.6164326592491,1001.3203846675755,995.6212676475312,-23.312440947596883,12.995165011717859,train
7.273933410644531,977.3833883954553,1014.4596280704263,1016.0694639257667,1011.9374265794658,-38.68607553031143,2.522201490960583,train
7.307300090789795,948.0197608305934,1026.8210385908014,972.6949399326203,1016.892184395552,-24.675179102026846,9.928854195249414,train
7.340666770935059,980.8230217563234,1006.2421400464223,1005.3979342681881,1008.1834387861653,-24.57491251186468,-1.941298739743047,train
7.374033451080322,1036.144635887458,991.7096622481185,994.5724648250704,1002.9158687857049,41.57217106238761,-11.206206537586354,train
7.407400131225586,1024.8048980719025,1006.2295414152243,969.7444774846242,1009.2765288827279,55.06042058727826,-3.046987467503641,train
7.44076681137085,1013.2353773428263,1011.40692018003,962.2203719132751,1013.7008027735083,51.01500542955114,-2.2938825934782017,train
7.474133491516113,1059.1836997014304,993.4590516613436,1011.6512711902166,1002.5283805370034,47.53242851121388,-9.069328875659835,train
7.507500171661377,1055.2478212976098,992.3123290034544,990.7117302697716,1009.2852539984275,64.53609102783821,-16.97292499497314,train
7.540866851806641,1000.7545457827462,1015.3820534293375,981.8075451190628,1009.8622813222681,18.94700066368341,5.519772107069343,train
7.574233531951904,1014.763766813239,1003.9284679798639,1007.5400456759774,1003.1432696825156,7.223721137261691,0.7851982973483018,train
7.607600212097168,1035.5756563722452,994.8649855718756,1052.3335776030467,993.9733262182967,-16.757921230801458,0.8916593535789161,train
7.640966892242432,977.9612330049019,1013.9703349909374,1039.5221814761762,1004.7901134454657,-61.56094847127429,9.180221545471682,train
7.674333333969116,956.6875130628462,1029.832912702477,1005.089381672087,1017.2441100506652,-48.401868609240864,12.588802651811761,train
7.70770001411438,982.0557657600682,1000.2162599288431,1042.563714155071,987.747953273683,-60.50794839500281,12.468306655160063,train
7.7410666942596436,1010.0340645199296,998.8103244456113,1005.8647423337928,1003.6631998962025,4.16932218613681,-4.8528754505912275,train
7.774433374404907,1008.3802232269481,1016.1191289510457,979.5229846656413,1022.6157378362233,28.857238561306872,-6.496608885177579,train
7.807800054550171,1049.9651944842835,999.8084030671957,973.022920325021,1017.4971811582669,76.94227415926252,-17.688778091071185,train
7.841166734695435,1059.6972960687085,982.3226830088183,1007.9482756463151,996.8543418614844,51.749020422393414,-14.531658852666055,train
7.874533414840698,1030.8953244678162,1006.7589242288175,1004.4434140290147,1004.7467739040399,26.45191043880152,2.012150324777622,train
7.907900094985962,1018.6070458803015,1015.8994586096533,955.6610632352787,1020.843163724789,62.94598264502281,-4.9437051151356854,train
7.941266775131226,1051.3130518559076,988.1992936005556,1040.2389923027617,991.0444603421038,11.074059553145844,-2.845166741548155,train
7.974633455276489,1096.9235025106734,986.2960585129151,1061.5232477039385,998.5173518635348,35.40025480673489,-12.221293350619703,train
8.008000135421753,1096.0160060316266,1004.4046214212503,1004.8770741724294,1015.1390890658837,91.13893185919721,-10.734467644633355,train
8.041366815567017,1100.0758530533376,986.9919863462574,1029.7948701463606,996.9601989319797,70.28098290697699,-9.968212585722313,train
8.07473349571228,1122.094510335171,978.8226530329589,1049.378641667773,988.8487984615103,72.7158686673979,-10.026145428551445,train
8.108100175857544,1108.7215418235546,1002.8313237151841,1019.8318055266379,1011.5647375608487,88.88973629691668,-8.733413845664586,train
8.141466856002808,1067.7070664396988,1000.9470200836629,1048.624067847322,1009.3863244248457,19.082998592376725,-8.439304341182833,train
8.174833536148071,1074.3327225330722,981.4523284415793,1095.302425358255,989.6773838622826,-20.96970282518282,-8.225055420703256,train
8.208200216293335,1090.0808859759645,999.2496968429655,1112.1114860942619,982.8072798597836,-22.030600118297343,16.44241698318183,train
8.24156665802002,1059.3338357327077,1009.4589870791085,1075.274211722574,1000.184581855689,-15.940375989866197,9.274405223419535,train
8.274933338165283,1076.9798728093585,983.480454813262,1092.0684279455243,991.6474094590502,-15.088555136165724,-8.166954645788223,train
8.308300018310547,1121.4985354767068,982.317226718156,1092.4300222846937,989.9620985956011,29.068513192013143,-7.644871877445098,train
8.34166669845581,1080.8854724403423,1010.5863274263123,1055.339249340945,1003.7329481800282,25.546223099397366,6.853379246284135,train
8.375033378601074,1056.7044024566749,997.6588852240545,1030.10993637303,1002.3203140716956,26.594466083644875,-4.661428847641105,train
8.408400058746338,1092.3963260427581,978.7602063508361,1072.5963308672992,982.5105653894944,19.79999517545889,-3.750359038658303,train
8.441766738891602,1086.6911276569517,997.4336866039773,1094.2672843090165,997.4399063418839,-7.57615665206481,-0.0062197379065764835,train
8.475133419036865,1073.0744192290217,1010.6892790476463,1084.1025857444265,1006.5598101707299,-11.028166515404791,4.129468876916462,train
8.508500099182129,1083.1611608099718,980.9953468860881,1051.4329436313858,992.7271822372574,31.728217178585965,-11.731835351169252,train
8.541866779327393,1113.482238495088,980.9960159829727,1070.9431530835554,988.5061017381707,42.5390854115326,-7.51008575519802,train
8.575233459472656,1122.4294854383913,1003.6801067261541,1063.0814742555774,1004.1551179754958,59.348011182813934,-0.4750112493417191,train
8.60860013961792,1109.5145369515383,987.391197646224,1053.3444521491615,1007.6357114997862,56.17008480237678,-20.24451385356224,train
8.641966819763184,1105.9784123022268,978.2915592256165,1062.414937526457,988.2669578349678,43.56347477576992,-9.97539860935126,train
8.675333499908447,1110.3417379664133,997.4076657601645,1066.2985088094024,1001.1502934024646,44.043229157010956,-3.7426276423001354,train
8.708700180053711,1102.2881453200682,999.8625554760176,1087.9105988658603,1003.3999364745572,14.377546454207959,-3.537380998539561,train
8.742066860198975,1125.8244020437785,974.2656945768306,1077.1616791969038,985.8361085621782,48.66272284687466,-11.570413985347614,train
8.775433540344238,1175.2874197625188,984.4482340920392,1097.4429413256296,987.98451354634,77.84447843688918,-3.536279454300825,train
8.808800220489502,1164.2023100282,995.0983172055953,1095.5863263071224,1001.90568838803,68.61598372107755,-6.807371182434622,train
8.842166662216187,1151.5317280681431,974.2767268139011,1070.3678902022675,998.1125212934496,81.16383786587562,-23.835794479548554,train
8.87553334236145,1182.3548133374914,980.0372276993688,1104.616393611976,975.7466648525256,77.73841972551531,4.290562846843272,train
8.908900022506714,1172.2606012290346,992.4401700889637,1105.894753326412,1002.4658198758721,66.36584790262259,-10.025649786908389,train
8.942266702651978,1163.8441323026527,980.1048557502992,1138.3999821135585,995.894880623839,25.444150189094216,-15.790024873539778,train
8.975633382797241,1203.1905680300883,973.3953090433447,1154.8564302988755,977.022463951654,48.33413773121288,-3.6271549083093078,train
9.009000062942505,1208.4119099673785,981.8511534433349,1149.0620637556167,985.1138969274368,59.349846211761815,-3.262743484101975,train
9.042366743087769,1175.8379378874126,980.1666810582722,1145.2178122605349,987.8147937771305,30.62012562687778,-7.648112718858329,train
9.075733423233032,1178.9652946854026,978.9266883346266,1151.3628775640727,981.1274286288934,27.602417121329836,-2.2007402942667795,train
9.109100103378296,1152.2609050112549,991.3501058385982,1153.5193924574648,983.7820750805168,-1.2584874462099833,7.568030758081363,train
9.14246678352356,1097.1352825497781,989.839502872105,1162.832050455063,988.2414047920298,-65.69676790528479,1.5980980800751468,train
9.175833463668823,1077.9095998698551,988.5947194502692,1152.131414838678,975.2808236040678,-74.22181496882286,13.313895846201376,train
9.209200143814087,1098.8372226289043,996.2161602188991,1162.4944249103164,979.7916663940094,-63.65720228141208,16.424493824889623,train
9.24256682395935,1059.9499279342992,1001.5744473686666,1174.2269484335122,986.9773839165363,-114.277020499213,14.597063452130328,train
9.275933504104614,1040.6717538593093,994.1742821429436,1092.5455359285265,992.9311702283197,-51.873782069217214,1.2431119146239098,train
9.309300184249878,1050.8476479390813,995.761375950982,1084.9877367118406,989.5654033291395,-34.14008877275933,6.195972621842543,train
9.342666864395142,1016.9755263785551,1008.0713402579819,1070.940062519233,992.2400079802167,-53.964536140677865,15.831332277765227,train
9.376033544540405,984.0243316054989,1014.3069908356573,1042.5039290883249,1004.7161209700068,-58.479597482825966,9.590869865650461,train
9.409400224685669,991.5402985926078,1004.9962532772463,1048.5600741222147,996.3172867825476,-57.01977552960693,8.67896649469867,train
9.442766666412354,986.2617927984516,1003.8339519416015,1051.9229611546782,1004.2808031684905,-65.66116835622665,-0.4468512268889526,train
9.476133346557617,977.5429499251377,1017.6359636355687,998.699099092627,1006.1136387038692,-21.156149167489275,11.522324931699472,train
9.50950002670288,972.5213220014293,1014.8722667529255,988.4261547524586,1006.9589466572411,-15.90483275102929,7.913320095684412,train
9.542866706848145,974.2228749471112,998.4228844998557,991.1475395717185,1004.29068123447,-16.924664624607317,-5.867796734614217,train
9.576233386993408,986.4063388620698,1010.8632309633906,992.2135984391286,1011.8259698573519,-5.807259577058858,-0.9627388939612729,train
9.609600067138672,962.8685170098042,1026.9594306836962,965.0673745281013,1021.4291326260553,-2.198857518297018,5.5302980576408345,train
9.642966747283936,924.7010341753771,1020.4689943525867,994.2863509647926,1004.3366760890823,-69.58531678941551,16.13231826350443,train
9.6763334274292,926.5610878824666,1008.6676710747306,972.1522215727555,1002.9690569898188,-45.59113369028887,5.69861408491181,train
9.709700107574463,932.8733180979823,1019.9495105351708,985.4724943925511,1016.1559085425449,-52.59917629456879,3.793601992625895,train
9.743066787719727,936.8440089687183,1027.3538645232418,960.6320908539669,1022.4981797451327,-23.78808188524863,4.855684778109094,train
9.77643346786499,968.1228871596988,1016.8466454521005,993.0726517119375,1006.6837471724172,-24.949764552238662,10.162898279683304,train
9.809800148010254,1004.8329922029379,993.8992571838482,979.0456621634514,1005.7754262932364,25.787330039486505,-11.876169109388115,train
9.843166828155518,998.3535780974437,1000.6604251124652,960.731077267281,1016.20828287135,37.62250083016272,-15.547857758884788,train
9.876533508300781,1004.2250472541148,1014.5580636703802,955.0593863053672,1016.6482856319349,49.165660948747586,-2.0902219615546755,train
9.909900188446045,1021.9667444416225,1007.0344733301448,968.7543993103442,1010.8344245948773,53.21234513127831,-3.799951264732499,train
9.943266868591309,999.2468417448199,996.0667469891756,978.8062746374702,1009.0217287656398,20.440567107349693,-12.954981776464138,train
9.976633548736572,974.9223242971359,1010.2285809498408,970.3012407614934,1015.1088212621167,4.6210835356424695,-4.880240312275987,train
10.009999990463257,955.2388772749398,1022.2427324694381,1001.8509184020728,1006.9007927321247,-46.61204112713301,15.341939737313396,train
10.04336667060852,956.9370522256274,1014.840649963972,1007.6214904267039,1005.0035539848914,-50.68443820107643,9.837095979080686,train
10.076733350753784,960.6367006952225,1002.8430031571359,994.6369362631083,1007.1030387161769,-34.00023556788574,-4.260035559041057,train
10.110100030899048,978.4049714240161,1002.9537949344508,989.7240591105569,1016.0445996376279,-11.319087686540797,-13.090804703177128,train
10.143466711044312,1008.983360987206,1005.8320057566987,976.354885022355,1013.870711337805,32.62847596485096,-8.038705581106342,train
10.176833391189575,999.8467140293997,1002.1566454638041,957.4040647246978,1004.3819554545815,42.44264930470183,-2.2253099907774185,train
10.210200071334839,954.3846414542102,1007.1453525182424,959.9980065239531,1004.9392703161204,-5.61336506974294,2.2060822021219337,train
10.243566751480103,935.10739893857,1021.3255797569061,949.314091049093,1014.7112132870634,-14.206692110523022,6.614366469842707,train
10.276933431625366,951.1625780070326,1020.4207523919242,993.7674325761207,1006.5433087809434,-42.60485456908805,13.877443610980777,train
10.31030011177063,951.6173865275496,1007.3732710252741,959.9513955008907,1010.6627524665821,-8.334008973341156,-3.2894814413079985,train
10.343666791915894,947.4931141300133,1007.7045833526324,959.4745540176435,1011.4438285734242,-11.981439887630245,-3.7392452207917586,train
10.377033472061157,966.8903238458868,1013.1011838831064,969.0591924000529,1010.0985612152948,-2.1688685541661243,3.002622667811579,train
10.410400152206421,1009.6952376213083,1007.7794668359778,953.9908662400167,1010.6778763995998,55.704371381291594,-2.8984095636219536,train
10.443766832351685,994.239759274526,996.702852249925,949.3049564885146,1009.4493284001737,44.93480278601146,-12.746476150248782,train
10.477133512496948,1002.0130736291355,998.2572284736322,961.8123721095353,1010.5620660241623,40.200701519600216,-12.304837550530124,train
10.510500192642212,1040.5740988372713,1000.9483760241576,960.8228695243828,1011.1177068025579,79.75122931288854,-10.169330778400308,train
10.543866872787476,1025.6184366376879,1001.2902209714996,952.9052371381179,1013.0913072561219,72.71319949957001,-11.801086284622329,train
10.57723355293274,975.4790267273236,1002.1428445094583,955.5829638385927,1009.5599094740114,19.896062888730853,-7.417064964553106,train
10.610599994659424,996.3680192102513,1006.8831273129749,971.6472737143011,1004.5500254630439,24.720745495950155,2.3331018499310403,train
10.643966674804688,1009.4283034469559,1004.981449350646,998.0105179966301,1008.4332484286282,11.41778545032571,-3.451799077982173,train
10.677333354949951,950.742378405474,1011.1861569737639,964.3142979814227,1010.7165022851935,-13.571919575948641,0.4696546885703583,train
10.710700035095215,919.0662835064368,1018.9289108951974,968.5712095773058,1008.4208643378876,-49.50492607086903,10.508046557309854,train
10.744066715240479,912.0487252371006,1023.2668901641509,987.6766574363018,1006.7656991438749,-75.62793219920115,16.501191020275996,train
10.777433395385742,895.2034749359298,1026.6781610337707,971.1750438890843,1011.1497078075001,-75.97156895315459,15.528453226270585,train
10.810800075531006,886.4673250075907,1019.7728933745386,955.0849643079006,1011.7312551361579,-68.61763930030986,8.041638238380756,train
10.84416675567627,915.1130076634213,1010.3124457325819,961.8229475597433,1011.2390653479895,-46.709939896322,-0.926619615407617,train
10.877533435821533,932.8423340687216,1020.2431843384813,945.2504189625184,1017.0191648089636,-12.408084893796854,3.2240195295177045,train
10.910900115966797,912.7792513126246,1033.7778185595157,889.9286095868575,1024.8019364365994,22.850641725767105,8.975882122916346,train
10.94426679611206,887.8484009817637,1019.3266918992454,900.3068885978254,1021.8675222962495,-12.458487616061689,-2.540830397004129,train
10.977633476257324,889.2586208297585,1008.6755569091612,919.4244721106236,1012.5391365108854,-30.165851280865127,-3.8635796017242683,train
11.011000156402588,898.1662204502529,1024.1355566219809,938.303674445178,1020.5883164378099,-40.13745399492507,3.5472401841709598,train
11.044366836547852,883.188049474963,1039.6651704575083,914.0292969455734,1024.8001071889294,-30.84124747061037,14.865063268578979,train
11.077733516693115,881.7161198767055,1027.4298968627056,934.6969924802116,1013.9542565950859,-52.9808726035061,13.475640267619724,train
11.111100196838379,906.3909522398421,1006.0532957648563,922.4581106413542,1008.8591005544356,-16.067158401512074,-2.8058047895792697,train
11.144466876983643,891.2505802878206,1016.5882633512497,911.9469477513727,1025.9261895821378,-20.696367463552065,-9.337926230888115,train
11.177833557128906,879.5816443365877,1039.8395669215442,900.0707700812261,1027.0694081357951,-20.489125744638386,12.770158785749118,train
11.21119999885559,885.9591742367777,1032.1934809769668,913.0440899337067,1015.9231628505164,-27.084915696928988,16.270318126450434,train
11.244566679000854,905.825587661262,1007.7198294336024,933.0925497521507,1012.6230089307169,-27.266962090888683,-4.903179497114479,train
11.277933359146118,926.960393412636,1012.0393848542537,916.3580538390253,1024.2404804958887,10.60233957361072,-12.201095641634993,train
11.311300039291382,935.0243812435174,1025.2912684891223,910.9178716696729,1028.1849335691397,24.106509573844505,-2.8936650800173993,train
11.344666719436646,923.0611616257916,1023.0979567507154,919.2422505397001,1014.4228240194648,3.8189110860914752,8.675132731250642,train
11.37803339958191,913.3942885396991,1019.9855158331461,913.5054196457102,1015.5028854796551,-0.11113110601104381,4.482630353491004,train
11.411400079727173,892.2068655040866,1017.9047333021372,936.3628351358882,1021.3489217298333,-44.155969631801554,-3.4441884276960764,train
11.444766759872437,868.734384937382,1026.4961179755649,948.3098656270773,1016.0383594022859,-79.57548068969538,10.457758573278966,train
11.4781334400177,911.4943729152715,1027.47946189349,972.9160288237777,1010.8324364518661,-61.42165590850618,16.647025441623896,train
11.511500120162964,932.4473453997571,1010.3195003886781,953.8297996475768,1012.3598554548604,-21.382454247819737,-2.0403550661823147,train
11.544866800308228,923.96159289037,1014.7079536234044,922.7599940005122,1022.7923826655318,1.2015988898577916,-8.084429042127454,train
11.578233480453491,940.3831306157206,1028.2479236665251,913.7627467346747,1022.4584679325193,26.620383881045882,5.7894557340058554,train
11.611600160598755,966.2992501180047,1012.2764219065182,934.2571781460912,1013.6304627038883,32.042071971913515,-1.3540407973700894,train
11.644966840744019,945.8516933355404,1001.2805327438166,918.0707499394796,1016.1948505391413,27.78094339606082,-14.914317795324678,train
11.678333520889282,961.0603306592761,1019.25619260487,947.127315348588,1020.1973279215397,13.93301531068812,-0.9411353166697154,train
11.711700201034546,992.2505437122363,1013.4250773054569,980.6325996172751,1014.658936448032,11.617944094961217,-1.2338591425751702,train
11.74506688117981,1020.5014486032496,996.655828594257,954.5042354998245,1010.7594345634193,65.99721310342511,-14.103605969162345,train
11.778433322906494,1022.7474741993531,994.1952199782122,985.6882379357749,1006.2109254853862,37.059236263578214,-12.015705507173948,train
11.811800003051758,1017.0283241076938,1004.0001482492853,964.3248046731184,1015.9304011415386,52.70351943457547,-11.930252892253293,train
11.845166683197021,1015.3965928006055,1007.1408935671702,976.7362376746537,1012.2925514951129,38.66035512595181,-5.151657927942665,train
11.878533363342285,970.4308686024017,1015.0167101415241,973.9394669572666,1009.7249044110614,-3.5085983548649438,5.29180573046267,train
11.911900043487549,906.1075490738403,1022.597500189924,960.9254414039751,1012.4938963983695,-54.81789233013478,10.103603791554406,train
11.945266723632812,894.054641032516,1024.8815718627548,1011.5018525561446,1006.1991605178655,-117.44721152362865,18.68241134488926,train
11.978633403778076,911.2031934230861,1017.463833968832,1002.1216882861996,1003.6855631328161,-90.91849486311355,13.77827083601585,train
12.01200008392334,860.6950522473112,1024.4127646600668,965.9192648410499,1012.6255881643553,-105.22421259373868,11.787176495711492,train
12.045366764068604,869.4728811642394,1034.3732080994703,979.161470115322,1016.0411305547208,-109.68858895108258,18.332077544749495,train
12.078733444213867,895.170504446035,1023.3213469694504,950.3808740508499,1014.9129024025292,-55.2103696048149,8.408444566921162,train
12.11210012435913,885.9692715896242,1020.1225977283581,921.3074465679731,1013.1656628179455,-35.33817497834889,6.956934910412542,train
12.145466804504395,874.4705448880752,1020.6508027540692,921.3773874632525,1022.6662850769115,-46.90684257517728,-2.015482322842331,train
12.178833484649658,873.7277153704363,1027.0195139799218,897.4866727938186,1031.1637877589367,-23.7589574233823,-4.1442737790148385,train
12.212200164794922,892.8226819769645,1034.001963579007,904.4889757502616,1021.3417221188247,-11.66629377329707,12.660241460182306,train
12.245566844940186,885.9044136559985,1031.090129198151,889.8569593152632,1025.8715416687373,-3.952545659264729,5.218587529413753,train
12.27893352508545,899.4949879119674,1008.4267970522787,932.5404841361714,1018.0116006155264,-33.04549622420393,-9.584803563247647,train
12.312300205230713,949.3457556622845,1011.1927219832206,886.4722808279441,1021.398038066972,62.87347483434041,-10.205316083751427,train
12.345666885375977,987.8489909342004,1021.4243305331918,931.5310947884692,1026.9394608041416,56.3178961457312,-5.5151302709498395,train
12.379033327102661,965.2271318702469,1011.5083639105293,910.1601918628857,1025.1944798018515,55.06694000736127,-13.686115891322174,train
12.412400007247925,948.6150560197507,1006.7790564331779,896.0335400617205,1015.1217843266231,52.581515958030195,-8.342727893445272,train
12.445766687393188,979.3168661637769,1014.1822712763208,970.764573159522,1012.0362980213306,8.55229300425492,2.1459732549901673,train
12.479133367538452,989.8943351320986,1013.5069662598439,974.7386933805747,1015.9907548252319,15.155641751523945,-2.483788565387954,train
12.512500047683716,994.5969950359254,996.95155071219,960.1378641544211,1012.0636335556516,34.45913088150428,-15.112082843461508,train
12.54586672782898,1022.8250188057812,997.4126611912968,972.95062191899,1009.6770771905271,49.874396886791146,-12.264415999230323,train
12.579233407974243,1045.7036972647893,1005.8195630908824,987.4390333604018,1016.1790556117766,58.264663904387476,-10.35949252089415,train
12.612600088119507,1020.1280277643414,1006.5896773431349,977.00215626663,1005.6655684783534,43.12587149771139,0.9241088647814877,train
12.64596676826477,1006.0268934169446,993.3751597819335,971.5180976542377,1004.8277588889382,34.50879576270688,-11.452599107004744,train
12.679333448410034,1067.5095948777478,995.7432985809114,1006.5873289581743,1007.442483956323,60.92226591957342,-11.699185375411616,train
12.712700128555298,1078.1724063213155,1000.4554048501242,1015.6749002809988,1011.2904132672791,62.49750604031669,-10.835008417154881,train
12.746066808700562,1051.5070540353388,992.7869422766053,984.0606694706839,1011.9193661604827,67.44638456465486,-19.132423883877436,train
12.779433488845825,1092.2963977378392,987.1992480840976,1009.5821257426581,995.662307613834,82.7142719951811,-8.46305952973637,train
12.812800168991089,1095.1198588893246,992.8799634329052,1022.021465214944,1003.3135621808117,73.09839367438065,-10.433598747906444,train
12.846166849136353,1067.9646945146922,998.9335120957708,1018.3708237547615,1004.9037471098443,49.59387075993061,-5.970235014073523,train
12.879533529281616,1078.1116852653681,990.7223285572112,1059.1548263107213,995.599890905488,18.956858954646805,-4.877562348276797,train
12.91290020942688,1108.7667573505694,989.2062156164286,1060.5428621702556,998.9357745961163,48.223895180313775,-9.729558979687681,train
12.946266889572144,1088.5960052911407,992.2991022027607,1058.6726205165655,996.1178166171751,29.923384774575197,-3.818714414414444,train
12.979633331298828,1093.2929556362014,992.8267575931882,1049.7690840099956,1002.2479873828736,43.523871626205846,-9.421229789685412,train
13.013000011444092,1108.751407778069,987.4657907143163,1060.5703635534999,994.5000685735263,48.18104422456918,-7.034277859209965,train
13.046366691589355,1076.7363087398178,993.2556342218984,1068.1570031409547,999.2857739087141,8.57930559886313,-6.030139686815687,train
13.07973337173462,1071.7049906001862,1002.2250310341308,1062.4778498905669,1002.1558108606667,9.227140709619334,0.06922017346403209,train
13.113100051879883,1048.9839473133907,993.1297884629973,1074.3245330323557,988.9132908740445,-25.34058571896503,4.216497588952848,train
13.146466732025146,1040.7304923123913,995.4997228458913,1065.294961087744,991.1415698771706,-24.56446877535268,4.358152968720674,train
13.17983341217041,1059.7231663936343,1006.1656407607345,1084.6694683268886,1002.8996940613339,-24.94630193325429,3.265946699400615,train
13.213200092315674,1072.182641966712,997.7956641487963,1063.3785962207505,1001.3635963078195,8.804045745961503,-3.5679321590232576,train
13.246566772460938,1083.3760921407893,978.6593161243898,1044.9631693587023,993.7743871030324,38.41292278208698,-15.11507097864262,train
13.279933452606201,1113.5159341393519,993.8251357559225,1041.5625780691894,994.5143954144912,71.9533560701625,-0.6892596585687443,train
13.313300132751465,1091.174500421505,1000.3901105362509,1033.1631287035204,1008.3322548855427,58.0113717179845,-7.94214434929188,train
13.346666812896729,1058.5706341194389,987.0085149213407,1008.6954917594877,1003.6391422982173,49.875142359951155,-16.630627376876532,train
13.380033493041992,1068.3359289633922,995.2466739196125,1064.6555552463499,994.971325002524,3.6803737170423574,0.27534891708842224,train
13.413400173187256,1073.1366255626156,1007.1620608166304,1073.232025340199,1000.215457785275,-0.0953997775834523,6.94660303135538,train
13.44676685333252,1064.4556706815126,989.6730350946161,1059.4742251965524,997.2824124051157,4.981445484960204,-7.6093773104995535,train
13.480133533477783,1097.370791735294,982.7286503168843,1066.6456864240668,988.6524120796886,30.725105311227253,-5.923761762804247,train
13.513500213623047,1113.3776927534589,997.1611704811088,1062.8038746894974,999.1356643288217,50.573818063961426,-1.9744938477128926,train
13.546866655349731,1080.8265110869188,998.0500769369808,1038.3887554018577,1011.0648456870994,42.43775568506112,-13.014768750118606,train
13.580233335494995,1051.3377814374762,989.949874334048,1036.9634959622551,992.7150022046668,14.374285475221086,-2.7651278706188123,train
13.613600015640259,1046.4436118530316,1001.9436297173281,1065.663855643719,991.8086285559756,-19.22024379068739,10.135001161352534,train
13.646966695785522,1037.3567917353355,1010.0141050599052,1071.0699467896509,997.6019665201511,-33.71315505431539,12.412138539754096,train
13.680333375930786,1034.4842930959276,1001.7972603854987,1074.196913182057,999.1757836729442,-39.71262008612939,2.621476712554454,train
13.71370005607605,1042.8446640906716,990.4744936308973,1064.0414444150986,997.0067521120665,-21.19678032442698,-6.532258481169151,train
13.747066736221313,1030.067108421404,1003.0834734856501,1038.0351292731837,1004.0188323991298,-7.968020851779556,-0.9353589134797176,train
13.780433416366577,1000.8369565409794,1014.8919144046097,1021.525053254624,1003.7345706279924,-20.688096713644654,11.157343776617267,train
13.81380009651184,994.1264894799012,1009.9839927448506,1031.8160392214472,1001.9729303475284,-37.68954974154599,8.011062397322235,train
13.847166776657104,999.9028035120066,997.5297856164193,1026.4884205489495,1003.1318660956334,-26.58561703694295,-5.602080479214123,train
13.880533456802368,985.4982643505716,1010.0380416150264,1024.405824061954,1009.312977331808,-38.90755971138242,0.7250642832183303,train
13.913900136947632,968.7118724320751,1026.662006753857,995.0347505953491,1007.1451018766303,-26.322878163274027,19.516904877226693,train
13.947266817092896,963.9053371123796,1014.9443114040396,997.7198929889216,1003.7238628136467,-33.814555876542045,11.220448590392834,train
13.98063349723816,935.7454446493277,1002.9368687638616,980.2543661227054,1008.5145428902617,-44.508921473377654,-5.5776741264000975,train
14.014000177383423,960.4073826420229,1025.8447304864612,1007.6999823269458,1013.4800507968552,-47.29259968492295,12.364679689606078,train
14.047366857528687,975.9326084562772,1020.9750499845641,982.8341411814511,1014.8075061832961,-6.901532725173865,6.167543801267925,train
14.08073353767395,947.556392502413,1004.8980006629138,984.3104458326325,1006.8870193098659,-36.75405333021945,-1.989018646952104,train
14.114100217819214,932.8730331001443,1015.3405923292064,988.0862111162618,1003.9007285040686,-55.21317801611747,11.439863825137763,train
14.147466659545898,962.8253595271544,1029.3281532743697,994.1979000799763,1017.0947039292262,-31.372540552821874,12.233449345143526,train
14.180833339691162,946.3200017492079,1010.0204751962589,985.8816642415673,1009.6902995418234,-39.561662492359346,0.330175654435493,train
14.214200019836426,950.9347515826103,1013.0831771289875,963.8204381040434,1008.186049877924,-12.885686521433172,4.897127251063466,train
14.24756669998169,990.4870592521147,1016.7024495574865,996.6092396164868,1012.5830202696008,-6.1221803643720705,4.119429287885737,train
14.280933380126953,1024.889879614452,1002.4201836626958,973.2514092869359,1016.7601290452295,51.638470327516075,-14.339945382533756,train
14.314300060272217,1037.6063610885928,989.3301624973926,980.0210265358006,1001.7752652856864,57.58533455279223,-12.445102788293752,train
14.34766674041748,1062.0651812465019,997.9176065242418,988.2746234731909,1010.6959896585573,73.79055777331098,-12.778383134315504,train
14.381033420562744,1059.0129161171947,1005.7580665064855,996.1152965632068,1015.04127037492,62.89761955398785,-9.283203868434498,train
14.414400100708008,1034.9802278728246,1002.0014593304197,968.7939062032289,1011.7373658672824,66.18632166959571,-9.735906536862672,train
14.447766780853271,1026.412843889342,998.4460240901672,993.9714239354863,1000.6890304230457,32.44141995385564,-2.243006332878508,train
14.481133460998535,1039.9184947831613,998.420768241152,1044.0361569035717,1002.9903339673477,-4.117662120410387,-4.569565726195719,train
14.514500141143799,1062.8146317636454,1003.80679169767,1048.5513381497035,1002.8763787214059,14.263293613941869,0.9304129762640514,train
14.547866821289062,1030.713472001902,999.3414314794613,1022.15789059835,1004.929276409687,8.555581403551855,-5.587844930225629,train
14.581233501434326,1024.2653422467324,998.8194391876152,1023.0904193554467,1004.8813526773546,1.1749228912857461,-6.061913489739368,train
14.61460018157959,1008.224867757622,1009.3269958553454,1029.465996277971,1000.5594577868758,-21.241128520349093,8.767538068469662,train
14.647966861724854,986.6525401533097,1015.1555717215202,1037.825776355213,1002.4755878006622,-51.173236201903364,12.679983920858035,train
14.681333541870117,940.0372268416791,1011.536686263263,1032.4704948047195,1002.6067099896584,-92.43326796304041,8.929976273604666,train
14.71470022201538,926.5591058224163,1023.7412007746013,1029.9654112099888,1005.9767086088415,-103.4063053875725,17.76449216575986,train
14.748066663742065,914.5046589534329,1032.1004077909017,1008.3966235328868,1010.512588961694,-93.89196457945388,21.587818829207777,train
14.781433343887329,908.320500474021,1024.3016887947,984.1643692146166,1008.7554148875024,-75.84386874059567,15.546273907197701,train
14.814800024032593,910.2509040320515,1010.2090883659453,975.7906867877782,1011.1152102731264,-65.53978275572672,-0.9061219071811593,train
14.848166704177856,960.8854896361761,1013.5068064305375,990.6521626856103,1007.6145014789416,-29.76667304943419,5.892304951595861,train
14.88153338432312,989.2787728500659,1019.9276855255002,966.2669735933478,1022.4298340530944,23.011799256718177,-2.5021485275941586,train
14.914900064468384,960.8069904831318,1014.6024510963441,933.6044535027852,1021.2793948798416,27.202536980346622,-6.67694378349745,train
14.948266744613647,971.3825478182043,999.6916212380106,957.7422822817126,1002.7533363604767,13.640265536491711,-3.0617151224661256,train
14.981633424758911,992.2561630501068,1008.4663617843619,970.7137467020605,1013.1679661482721,21.542416348046345,-4.701604363910178,train
15.015000104904175,989.7811255432739,1022.0062515796069,991.7239605086452,1017.0257538329298,-1.9428349653712758,4.980497746677088,train
15.048366785049438,972.6828012305798,1005.1782061514281,955.5999962848975,1010.3703815086974,17.082804945682255,-5.192175357269321,train
15.081733465194702,1000.9357298795478,1001.6023738031998,994.084361428316,1006.0590225750782,6.851368451231792,-4.456648771878349,train
15.115100145339966,994.3699537348241,1010.9831156344716,987.4769344582514,1014.1957406366957,6.893019276572659,-3.212625002224172,test
15.14846682548523,983.8989632746552,1014.5735681063777,989.4762880959256,1006.4005491602544,-5.577324821270395,8.173018946123307,test
15.181833505630493,996.8827255469173,998.5062349231639,988.683339044141,1004.0608677571507,8.199386502776292,-5.55463283398683,test
15.215200185775757,1040.060662287314,1001.6787187460865,1010.0754905674974,1004.6190328205438,29.985171719816663,-2.9403140744573193,test
15.24856686592102,1013.88309135947,1002.6703010716514,973.2600777200107,1022.0263677132389,40.62301363945926,-19.356066641587518,test
15.281933546066284,1014.4723039580945,1009.7893953111779,986.6142866734182,1005.0287369727537,27.858017284676293,4.760658338424264,test
15.315299987792969,1044.8427687287988,995.4614670742501,1009.5728221397014,1000.8431542313923,35.269946589097344,-5.38168715714221,test
15.348666667938232,1046.1479131772148,996.6847354781728,955.8905570869553,1014.939374089251,90.25735609025958,-18.254638611078235,test
15.382033348083496,1046.8607075058078,1003.364724973813,1011.3388715837264,1010.0943982569947,35.521835922081436,-6.729673283181683,test
15.41540002822876,1074.8074079450332,999.9837385803253,1016.556295073085,1003.037564558987,58.25111287194818,-3.0538259786617346,test
15.448766708374023,1070.7282050760055,988.3033210321519,1035.8092925629087,1000.4805988142224,34.91891251309676,-12.177277782070519,test
15.482133388519287,1056.9968342266593,998.02631269564,1003.6712461139874,1006.5709170695653,53.32558811267188,-8.544604373925381,test
15.51550006866455,1078.8630850004238,1003.229154760438,1048.6795076394224,999.8920384365932,30.183577361001426,3.3371163238447252,test
15.548866748809814,1089.5160053707457,985.1786830408157,1060.514415421136,1002.3686724552158,29.001589949609752,-17.189989414400088,test
15.582233428955078,1050.021455591373,993.6831449248343,1052.1629521782868,1001.076291053697,-2.1414965869137177,-7.393146128862668,test
15.615600109100342,1050.7378997656524,1007.6693721510201,1048.0796768160476,1001.7980308949282,2.6582229496048058,5.87134125609191,test
15.648966789245605,1081.3361582834416,995.0172825257306,1053.6502032006551,999.0825769247235,27.68595508278645,-4.065294398992933,test
15.68233346939087,1074.6262250440539,980.5486645216226,1047.4408956373982,998.4933735973268,27.185329406655683,-17.944709075704168,test
15.715700149536133,1088.2717560940368,1000.8178637327363,1053.504522413205,1003.0384145423003,34.76723368083185,-2.2205508095639743,test
15.749066829681396,1099.4406755030934,1001.3279301170028,1038.6098309569672,1007.319550882543,60.83084454612617,-5.991620765540233,test
15.78243350982666,1054.2920335722442,987.4472140766777,1050.5049982458775,995.3792960067291,3.7870353263667766,-7.932081930051368,test
15.815800189971924,1031.7569364598685,998.5934447016591,1046.0967652261631,990.5330525755011,-14.339828766294659,8.060392126158035,test
15.849166870117188,1036.1246120587161,1013.538380188801,1081.2679444678672,1001.2751717505234,-45.14333240915107,12.263208438277616,test
15.882533550262451,1031.5371649828937,1004.1168511280882,1075.5103985298597,1001.8111025203873,-43.97323354696596,2.3057486077009344,test
15.915899991989136,992.0826755620333,995.5686113863778,1064.6628800933277,998.8577475913306,-72.58020453129438,-3.289136204952797,test
15.9492666721344,1019.6067393602161,1007.5130348803164,1038.265964397449,1001.0069412204022,-18.659225037232773,6.5060936599142,test
15.982633352279663,1056.9559331071307,1001.879395116146,1025.113586509176,1004.7527513989065,31.842346597954702,-2.873356282760483,test
16.016000032424927,1064.8824583304636,986.0046347027128,1018.0290682836601,1001.0484050856141,46.8533900468035,-15.043770382901357,test
16.04936671257019,1068.52109619701,991.7555784610157,995.7328581001627,1007.5365329775299,72.78823809684718,-15.780954516514157,test
16.082733392715454,1087.9015728071013,1004.6200243138805,993.759871736281,1015.9597382141513,94.14170107082032,-11.339713900270795,test
16.116100072860718,1081.7666721867238,992.7118887062268,1007.0907249568498,1002.4056479702843,74.67594722987394,-9.693759264057576,test
16.14946675300598,1060.0545956981289,982.1809968640362,1015.7202609496962,997.0018119754523,44.33433474843264,-14.820815111416096,test
16.182833433151245,1079.1206834779755,1002.7717100466832,1047.9671625451658,1003.040754154129,31.15352093280967,-0.26904410744577945,test
16.21620011329651,1114.7938113804667,1002.9662134742814,1046.9069387230318,1004.0355748005601,67.88687265743488,-1.0693613262786812,test
16.249566793441772,1092.8296705115395,982.1721959645108,1053.9583926520274,998.0817745421219,38.87127785951202,-15.909578577611114,test
16.282933473587036,1121.975952469752,980.4472262269423,1044.6582697397535,995.5641409549847,77.31768272999852,-15.116914728042389,test
16.3163001537323,1172.2868052080685,996.2488961906608,1075.3396182036333,994.972547532955,96.94718700443514,1.276348657705853,test
16.349666833877563,1145.9628541100383,980.2630377435289,1087.6101410862907,995.708162965824,58.35271302374758,-15.445125222295133,test
16.383033514022827,1129.8152484055377,979.5426746291339,1066.40838986226,996.3460600257574,63.40685854327762,-16.803385396623526,test
16.41640019416809,1183.6875473247892,990.7185754453901,1095.1615695164542,990.4225319399716,88.52597780833503,0.2960435054185382,test
16.449766874313354,1162.1968586281655,981.0423327416462,1113.2143534593652,994.607051125032,48.982505168800344,-13.564718383385753,test
16.483133554458618,1104.2345795586737,979.4210397166739,1111.245265729934,989.1059756605932,-7.010686171260431,-9.6849359439193,test
16.516499996185303,1106.6349025975435,1005.7442099351583,1093.4463644009702,992.6115629531483,13.18853819657329,13.132646982009987,test
16.549866676330566,1103.7681248220103,1000.7864940712111,1114.3356448250781,998.7951824953599,-10.567520003067784,1.9913115758512276,test
16.58323335647583,1082.5607887708313,977.5224016100999,1154.747015241129,983.2303279378083,-72.1862264702977,-5.707926327708378,test
16.616600036621094,1101.0508305489845,989.3903479591046,1146.0683154451442,976.8357360105367,-45.01748489615966,12.554611948567867,test
16.649966716766357,1133.0419583718112,1007.1052953951614,1091.6833181116153,1000.2281086927524,41.3586402601959,6.8771867024090625,test
16.68333339691162,1087.1528146890853,986.7340299736118,1059.8606059559856,997.5953401691576,27.292208733099642,-10.861310195545798,test
16.716700077056885,1084.4103206013037,983.4316380140888,1072.6281924313369,990.8631616387728,11.782128169966882,-7.431523624684019,test
16.75006675720215,1143.3872213749573,994.3686974838217,1100.4550591610848,989.0523578573616,42.932162213872516,5.316339626460149,test
16.783433437347412,1155.1211517213476,984.611249880502,1109.1034973777132,993.603810420646,46.017654343634376,-8.99256054014404,test
16.816800117492676,1127.4919210480107,975.0584136499408,1068.830757307937,991.5096678344204,58.66116374007379,-16.45125418447958,test
16.85016679763794,1143.0656501934689,995.7974110080436,1064.9653768690043,995.8498861378387,78.10027332446452,-0.052475129795084285,test
16.883533477783203,1120.3376101224333,994.650494608069,1091.8926690197998,999.8627947307984,28.444941102633493,-5.212300122729403,test
16.916900157928467,1065.5482039964959,982.4861363419376,1088.5098651037715,987.650820782365,-22.96166110727563,-5.164684440427436,test
16.95026683807373,1084.795428231247,999.5543814944708,1120.6122315525756,980.9298692524084,-35.816803321328734,18.62451224206245,test
16.983633518218994,1126.4302270761432,997.2915082382392,1142.0583323736073,991.5785189493647,-15.628105297464117,5.712989288874496,test
17.017000198364258,1139.4862516908515,975.768695998727,1117.8844526730418,992.840580352829,21.601799017809753,-17.07188435410194,test
17.05036687850952,1156.4220985611337,978.33303852738,1066.0758185757866,990.1017651164954,90.34627998534711,-11.768726589115317,test
17.083733558654785,1194.1229545399624,990.3309839923057,1076.846626734099,998.1301326170484,117.2763278058635,-7.7991486247426565,test
17.11710000038147,1200.4445138518652,972.7814457440109,1062.572476891561,997.1213110914695,137.87203696030406,-24.339865347458613,test
17.150466680526733,1198.829740829607,972.8601269810256,1077.413416708083,996.6627264971273,121.41632412152399,-23.802599516101736,test
17.183833360671997,1217.2100046377786,987.2940032574124,1104.6422971480465,991.3401637836406,112.56770748973213,-4.046160526228164,test
17.21720004081726,1204.4503520769854,975.9863601244133,1163.8812576355433,986.4743431678592,40.569094441442076,-10.487983043445865,test
17.250566720962524,1153.209282444399,976.4489047404647,1166.6756421335015,975.7740090426933,-13.466359689102546,0.6748956977714897,test
17.283933401107788,1158.420774302967,996.7614957972675,1161.6757810591298,981.9452287614171,-3.2550067561628566,14.816267035850387,test
17.31730008125305,1174.3475902225705,982.8034742164007,1174.3226910698222,983.5053947765365,0.02489915274827581,-0.701920560135818,test
17.350666761398315,1137.807069446043,973.7713468384093,1157.3314415165144,985.0746786788585,-19.524372070471372,-11.303331840449232,test
17.38403344154358,1145.5673388818348,993.9140623650569,1180.1207863479706,978.7162123587019,-34.55344746613582,15.197850006354997,test
17.417400121688843,1154.3465174636958,990.3266013546004,1165.2144640560807,983.1366305985107,-10.867946592384897,7.189970756089679,test
17.450766801834106,1117.2151132100926,973.5975757934252,1131.8643259957091,986.8927788139928,-14.649212785616555,-13.295203020567556,test
17.48413348197937,1099.971818674333,995.1384071660693,1148.0490394617018,984.6553596179374,-48.07722078736879,10.483047548131935,test
17.517500162124634,1114.2652867056577,1002.8463764914997,1123.7940592025507,994.530958642998,-9.528772496892998,8.315417848501625,test
17.550866842269897,1088.0998832100006,981.754001268741,1121.2509728586176,987.8593101937264,-33.15108964861702,-6.105308924985366,test
17.58423352241516,1093.4981272121752,982.651578528717,1111.6883055576302,984.6778713914817,-18.190178345455024,-2.0262928627647625,test
17.617600202560425,1124.703547661899,1003.5642253833473,1093.497891881701,999.1484527263656,31.205655780197958,4.415772656981744,test
17.65096688270569,1134.0725834727634,987.0391769510219,1091.2739335172041,999.8525018098061,42.79864995555931,-12.813324858784199,test
17.684333324432373,1109.5246268785309,973.8044968266721,1060.3423691280595,989.5116231698389,49.18225775047131,-15.707126343166806,test
17.717700004577637,1139.733180057726,995.070265316311,1081.1248640748413,990.096489973709,58.60831598288473,4.973775342601925,test
17.7510666847229,1153.996471901105,993.2825944993582,1091.1418414594546,1000.1650168004355,62.85463044165044,-6.882422301077327,test
17.784433364868164,1108.6725098719453,970.5450327053952,1093.7376608708648,992.5224370597908,14.934849001080465,-21.977404354395617,test
17.817800045013428,1080.671450727829,998.2497177177745,1092.1598853388366,992.1425062078896,-11.488434611007506,6.107211509884905,test
17.85116672515869,1092.1601442257188,1011.4196242471717,1106.796065775451,994.207115517213,-14.635921549732302,17.2125087299587,test
17.884533405303955,1062.710897159502,986.4122882218596,1103.4881457064585,988.4665435776197,-40.77724854695634,-2.0542553557601195,test
17.91790008544922,1059.0829707286275,982.5635019858735,1101.809133301402,985.2500850987483,-42.726162572774456,-2.686583112874814,test
17.951266765594482,1089.37158858334,1007.7538599758861,1099.0695977882485,1000.3012322566443,-9.69800920490843,7.452627719241832,test
17.984633445739746,1065.8480340179394,1005.0457710753587,1072.8227676353645,999.0791428423321,-6.974733617425045,5.966628233026654,test
18.01800012588501,988.2114263086198,989.2584617565868,1052.6640896971467,990.6357864085226,-64.45266338852684,-1.3773246519357372,test
18.051366806030273,983.3072320982103,1010.859160113989,1038.858436399881,990.8612643662128,-55.55120430167062,19.99789574777617,test
18.084733486175537,1003.3569179939545,1025.687102914142,1090.331283770145,1000.7344852168123,-86.97436577619055,24.952617697329742,test
18.1181001663208,975.7096547006763,1010.2495829906103,1081.5699820752338,994.1754599948337,-105.86032737455753,16.074122995776634,test
18.151466846466064,959.2680708324608,997.5960869101751,1011.5691341062619,1002.4945716248799,-52.301063273801105,-4.89848471470475,test
18.184833526611328,1012.7699769553533,1010.6498529457913,986.720681738067,1012.3745224338692,26.04929521728627,-1.7246694880778932,test
18.218200206756592,1009.8894744545782,1013.58208165399,987.7904679894613,1011.8026910448758,22.099006465116986,1.7793906091142162,test
18.251566886901855,989.0512335730602,998.4456496621194,980.5991144468093,1005.9498551893975,8.452119126250977,-7.504205527278032,test
18.28493332862854,1014.4107421899187,999.2252772476584,981.7606078662392,1008.0914223737041,32.65013432367948,-8.866145126045694,test
18.318300008773804,1033.92011635397,1010.3719165333792,1006.6052501365858,1014.252948213668,27.314866217384065,-3.881031680288743,test
18.351666688919067,1024.53476928547,1006.7039583240653,988.8901122434571,1008.6344069391057,35.64465704201291,-1.9304486150404045,test
18.38503336906433,1041.7639436264142,987.8036257480233,995.7368237363424,1001.003330918353,46.02711989007173,-13.199705170329707,test
18.418400049209595,1074.738498537299,993.200989218409,1005.418627052131,1005.3866712342557,69.31987148516794,-12.185682015846737,test
18.45176672935486,1078.7217636590235,1003.7661507485744,1012.6959065830665,1014.3573411426453,66.02585707595699,-10.59119039407085,test
18.485133409500122,1077.6134275103643,995.2513981605418,1004.8026739476368,1009.3399190857032,72.81075356272754,-14.088520925161333,test
18.518500089645386,1062.3628394286968,984.602146347514,1012.0913058873048,997.3072943273569,50.271533541392046,-12.705147979842877,test
18.55186676979065,1064.7394287878187,1001.8145033091442,1036.770946691326,1002.7601320924629,27.968482096492835,-0.9456287833186252,test
18.585233449935913,1075.675284423862,1007.1146425327727,1062.641628357096,1001.5393980943954,13.03365606676607,5.57524443837724,test
18.618600130081177,1064.2307282443799,983.9664874645703,1052.1149721693967,1000.3304614039631,12.11575607498321,-16.36397393939285,test
18.65196681022644,1066.1044259188584,991.0442903039362,1059.30445376526,997.4715935785091,6.799972153598446,-6.427303274572864,test
18.685333490371704,1085.740601286493,1005.057505585973,1063.5437037881884,1000.2091934038958,22.19689749830468,4.848312182077166,test
18.718700170516968,1050.9138588407543,998.352314539128,1043.6477451299868,999.4352780462607,7.266113710767513,-1.0829635071327175,test
18.75206685066223,1005.2353040253402,989.1460734898283,1041.4094951990191,996.116810516746,-36.17419117367899,-6.970737026917732,test
18.785433530807495,1004.4871827841648,1016.6684738355989,1071.9564432851678,1000.6328695050323,-67.46926050100296,16.03560433056657,test
18.81880021095276,977.2889368001379,1030.3926757006016,1074.0972898927077,1002.8889603565967,-96.80835309256986,27.50371534400483,test
18.852166891098022,913.1384397264719,1018.1650912443324,1042.1971796992334,996.6295201142789,-129.0587399727615,21.53557113005354,test
18.885533332824707,895.9005325558601,1005.1968608401205,1034.5589971165243,992.8758935499261,-138.65846456066424,12.320967290194403,test
18.91890001296997,922.6280288927144,1025.7595480876194,1010.4235832452526,1015.9043237065683,-87.79555435253826,9.855224381051016,test
18.952266693115234,895.5309364075556,1045.5879273462674,972.382869486915,1018.2155407530439,-76.85193307935936,27.372386593223496,test
18.985633373260498,876.0822720502726,1029.9339903530954,997.7905969571854,1002.1158584203598,-121.70832490691271,27.818131932735582,test
19.01900005340576,920.393076022686,1000.5802417217725,978.7714436304931,1004.9272815305409,-58.378367607807036,-4.347039808768386,test
19.052366733551025,934.0549532426542,1012.887793512713,947.1838223355835,1023.8654633098392,-13.128869092929335,-10.977669797126282,test
19.08573341369629,925.9166139219531,1037.832978361604,924.5934565896642,1025.2531165861562,1.3231573322888153,12.579861775447853,test
19.119100093841553,915.1278235957855,1025.303667667681,946.1647292525938,1014.0410376832227,-31.036905656808358,11.262629984458385,test
19.152466773986816,911.4429908973643,1011.6141033359012,913.7066445627319,1014.5810446764459,-2.263653665367542,-2.966941340544736,test
19.18583345413208,859.4250292868478,1027.5182137501727,949.979139284919,1020.5958424859622,-90.55410999807123,6.922371264210483,test
19.219200134277344,829.0383290759426,1038.3927743648615,958.6555850047483,1019.5790567948775,-129.61725592880578,18.813717569983964,test
19.252566814422607,826.0365356585417,1030.439524865793,974.9687302003395,1006.1119212069383,-148.9321945417978,24.327603658854628,test
19.28593349456787,809.1941718637677,1027.233658582451,945.9267416163369,1014.0652834948186,-136.73256975256925,13.168375087632398,test
19.319300174713135,767.4168841267297,1038.660594915361,911.9593627009643,1037.556268680664,-144.54247857423468,1.1043262346968277,test
19.3526668548584,758.8692228999626,1044.619814983133,913.2377127873834,1023.5345550473579,-154.36848988742088,21.08525993577507,test
19.386033535003662,767.2557286306942,1024.952018161369,908.5235626898198,1012.5592055592772,-141.26783405912556,12.392812602091908,test
19.419400215148926,749.3918493348258,1032.2508966961668,839.5182475105105,1037.7974253541627,-90.1263981756847,-5.54652865799585,test
19.45276665687561,755.5263927731808,1049.2010251758936,822.2842931257485,1046.7028849031938,-66.75790035256773,2.4981402726998567,test
19.486133337020874,781.9449032058128,1044.7967683030352,786.2906965408004,1042.9418619724725,-4.3457933349875475,1.8549063305626987,test
19.519500017166138,778.7165982595352,1023.9856794483749,786.3461285353266,1031.5689441545917,-7.629530275791353,-7.5832647062168235,test
19.5528666973114,781.9691845955078,1022.5250965674302,805.8829435061713,1048.0635868705144,-23.913758910663432,-25.538490303084245,test
19.586233377456665,806.7858654296795,1041.503395890094,776.3413325316442,1061.336069127671,30.444532898035277,-19.832673237576955,test
19.61960005760193,809.708118378752,1051.6192678307036,787.2342174291585,1036.0925236923435,22.473900949593485,15.526744138360073,test
19.652966737747192,838.5902673796231,1031.3742138201355,798.1356953164534,1031.6035665685852,40.454572063169735,-0.22935274844962805,test
19.686333417892456,853.1967389241368,1006.744123861597,836.0558349805007,1037.546865883008,17.14090394363609,-30.80274202141095,test
19.71970009803772,835.1588659830531,1029.9306842418544,797.0929292789618,1056.1780849949753,38.065936704091314,-26.247400753120928,test
19.753066778182983,862.2417322605022,1045.065075814821,864.7107831738872,1039.9622868461556,-2.46905091338499,5.102788968665436,test
19.786433458328247,887.8582746097,1031.5071365299993,840.7625647182713,1032.7107840291994,47.09570989142867,-1.2036474992000876,test
19.81980013847351,861.081261472322,1017.7979918275145,876.1523196258009,1025.4690594892088,-15.07105815347893,-7.671067661694337,test
19.853166818618774,855.1915068244359,1018.9719820880618,894.060101284193,1037.944272132872,-38.868594459757105,-18.97229004481005,test
19.886533498764038,887.3603576176545,1030.2840091982725,886.087375912615,1031.7938032738605,1.2729817050394558,-1.5097940755879335,test
19.9199001789093,859.6277408052147,1043.6556170880963,895.113926837815,1027.2667863626682,-35.48618603260036,16.38883072542808,test
19.953266859054565,834.4881329517234,1029.1039006933693,892.4418047154788,1032.7947217632068,-57.95367176375544,-3.6908210698375115,test
19.98663353919983,860.5730397442408,1010.3707737427169,920.3261629759667,1024.412715025371,-59.75312323172591,-14.04194128265408,test
20.020000219345093,893.4139792037583,1026.4431837554253,873.9455809057924,1036.0428702572392,19.468398297965905,-9.599686501813949,test
20.053366661071777,878.7165393745049,1040.483316484341,888.8149871789024,1035.3372369325077,-10.098447804397438,5.146079551833282,test
20.08673334121704,851.3264288242672,1026.0699296024559,874.4430707830603,1026.4947031415072,-23.11664195879314,-0.42477353905132986,test
20.120100021362305,865.3715829392463,1017.394140703686,909.3378071045491,1021.2426938214863,-43.96622416530283,-3.848553117800293,test
20.15346670150757,886.0357207541831,1025.6373409321109,869.4028598979935,1040.2910447094212,16.63286085618961,-14.653703777310284,test
20.186833381652832,875.9936435036614,1035.186453414964,912.2381416203068,1031.2024795286886,-36.244498116645445,3.9839738862754075,test
20.220200061798096,890.328377520111,1019.9760721371701,880.6711450686724,1022.7877258542726,9.657232451438517,-2.8116537171024447,test
20.25356674194336,939.8872363324422,1006.9364361950445,908.3678716291903,1018.9346839816408,31.51936470325188,-11.998247786596266,test
20.286933422088623,920.6830298442892,1023.0729045789615,856.4740894899247,1045.0413234999191,64.20894035436447,-21.968418920957674,test
20.320300102233887,878.9231040224211,1045.7976619977583,895.3769357286199,1026.3122793754405,-16.453831706198798,19.48538262231773,test
20.35366678237915,890.2851533816072,1013.3657194782932,916.8041481813933,1013.1722389636245,-26.518994799786128,0.1934805146686358,test
20.387033462524414,903.4758634422117,1000.7652521421576,945.3705002331525,1016.9599261859178,-41.89463679094081,-16.194674043760187,test
20.420400142669678,870.4940244063612,1042.8004789964623,915.6249147802454,1027.3518914838785,-45.1308903738842,15.4485875125838,test
20.45376682281494,845.8203815708423,1051.8401531829466,941.0206057646591,1023.8267492154562,-95.20022419381678,28.013403967490376,test
20.487133502960205,845.1665254064453,1020.7710182476865,964.7255475437748,1002.0751356825712,-119.55902213732952,18.695882565115312,test
20.52050018310547,824.5064592153585,1012.8760480095303,926.5848097689624,1016.8787927326453,-102.07835055360385,-4.002744723114915,test
20.553866863250732,792.4378669266896,1037.837911772945,919.2310408610961,1041.2641671841677,-126.79317393440647,-3.4262554112226553,test
20.587233543395996,784.1639391572251,1057.8180125390777,888.6384450281276,1029.4582593364105,-104.47450587090259,28.359753202667207,test
20.62060022354126,814.9635914937508,1034.929737391469,888.132119398084,1014.2250442689877,-73.16852790433325,20.704693122481217,test
20.653966665267944,815.4876512524652,1010.5819446029352,862.2849075233925,1032.1551678118674,-46.79725627092728,-21.573223208932177,test
20.687333345413208,815.323156521993,1031.7013567212412,839.9063628397192,1041.4549586616179,-24.583206317726194,-9.753601940376711,test
20.72070002555847,877.1645258228696,1038.4133058827856,858.754250597362,1040.1812673148372,18.410275225507576,-1.7679614320516066,test
20.754066705703735,921.7465010097892,1024.486101464233,798.4080122362734,1039.5535802182812,123.33848877351579,-15.067478754048352,test
20.787433385849,864.0505631219928,1022.2999954391977,793.4494972181441,1034.0720976629636,70.60106590384873,-11.772102223765955,test
20.820800065994263,859.2746303508477,1032.2927341236764,819.8836451323444,1059.8574109930348,39.39098521850326,-27.564676869358436,test
20.854166746139526,908.0519232277875,1015.2316506717266,892.8577090853125,1017.125717358389,15.194214142474948,-1.894066686662427,test
20.88753342628479,904.9326582523865,1029.0614482953981,920.9134554543521,1021.982615408909,-15.980797201965515,7.078832886489067,test
20.920900106430054,881.832103235351,1023.3649788423941,926.470421616909,1023.7100917475724,-44.63831838155795,-0.3451129051783255,test
20.954266786575317,895.9392109554158,1022.5390290053115,905.077263105958,1027.2587653342162,-9.138052150542194,-4.719736328904673,test
20.98763346672058,908.570690252086,1030.496233719715,915.0173246213504,1025.979775299805,-6.446634369264416,4.516458419910123,test
21.021000146865845,858.1901027701551,1031.5988229360355,917.2430137004628,1021.9570376807817,-59.05291093030769,9.641785255253808,test
21.05436682701111,855.4722554211605,1013.4202989052216,902.9039797142617,1027.355791121383,-47.43172429310118,-13.935492216161379,test
21.087733507156372,901.113007187429,1023.7150059075994,928.3906426282367,1017.5593962896903,-27.27763544080767,6.1556096179091355,test
21.121100187301636,918.4860461759749,1037.9888880151584,914.6561029804183,1033.3004495256848,3.829943195556666,4.688438489473583,test
21.1544668674469,915.3279994325428,1021.7106820797494,910.8671461274319,1025.9889910556385,4.460853305110959,-4.278308975889104,test
21.187833547592163,919.1981737328988,1006.5450479177523,903.4942273907628,1019.2794273592741,15.703946342135964,-12.73437944152181,test
21.221199989318848,941.9803181179432,1011.2349435500923,926.4900553346432,1022.7415199531573,15.490262783299954,-11.506576403064969,test
21.25456666946411,914.1290936006019,1040.0377848881242,893.7935226405525,1035.0815325781114,20.33557096004938,4.956252310012815,test
21.287933349609375,858.9995494234865,1047.199467987306,930.2066694995266,1019.9937992972236,-71.20712007604004,27.205668690082348,test
21.32130002975464,840.8825451723385,1024.6286476299829,944.8377510348525,1012.968078497403,-103.95520586251405,11.660569132579894,test
21.354666709899902,837.6698563885493,1004.8234275645729,991.5628465928642,1004.8747923688742,-153.89299020431486,-0.05136480430132906,test
21.388033390045166,810.8200599852987,1047.330651252218,928.4228391657371,1027.6422552069926,-117.60277918043835,19.688396045225545,test
21.42140007019043,777.9934349277319,1056.7871809812225,955.4473073751204,1018.7063515496956,-177.45387244738856,38.08082943152692,test
21.454766750335693,815.0386515124576,1028.4375555468941,933.6305776702562,1016.0256506900855,-118.59192615779864,12.411904856808633,test
21.488133430480957,808.6265894178298,1014.4043199065418,863.2287529872599,1027.8689085049457,-54.602163569430104,-13.464588598403907,test
21.52150011062622,791.3774857441008,1037.0671745598675,870.8221655606499,1039.6785920987643,-79.44467981654907,-2.6114175388968306,test
21.554866790771484,808.9450907325875,1043.4490666654897,810.5299522194626,1043.9003913211427,-1.5848614868751838,-0.4513246556530248,test
21.588233470916748,861.5195776633468,1031.475291077278,830.6927832200844,1026.8254072489137,30.82679444326243,4.649883828364182,test
21.62160015106201,826.8666457849254,1019.7799179149572,836.9548781334197,1038.841707712763,-10.08823234849433,-19.061789797805886,test
21.654966831207275,823.3680971866593,1031.9088018263265,826.9098882621024,1046.0372693456388,-3.541791075443143,-14.12846751931238,test
21.68833351135254,883.1895124010098,1027.2321708741117,865.0486539152462,1028.91178830249,18.1408584857636,-1.6796174283783785,test
21.721700191497803,918.2108388404511,1022.339150040626,828.572308387316,1035.1453133249502,89.6385304531351,-12.806163284324157,test
21.755066871643066,909.3739468269482,1015.2839584743042,856.8466335357425,1033.2465318731324,52.5273132912057,-17.962573398828226,test
21.78843355178833,926.9637147432968,1020.1349962190852,853.8748781395498,1040.7084931057368,73.08883660374704,-20.573496886651583,test
21.821799993515015,949.9187493304034,1021.7097838703476,869.2153998467214,1031.9941009730571,80.70334948368202,-10.284317102709565,test
21.85516667366028,927.2206743684085,1022.7985479324791,891.8323281060736,1022.697182559114,35.388346262334835,0.1013653733650699,test
21.888533353805542,925.51290234459,1009.6450783279279,925.3159064520469,1021.4069991649195,0.19699589254310013,-11.761920836991635,test
21.921900033950806,976.1004054968143,1007.856960926603,963.8890955196873,1011.0832152063523,12.21130997712703,-3.2262542797492415,test
21.95526671409607,997.5024623111074,1022.8375740093016,950.5862033677844,1020.5124407420873,46.91625894332299,2.325133267214369,test
21.988633394241333,959.9633865083817,1017.8779698369567,935.0695511044703,1021.4409244812801,24.893835403911453,-3.5629546443234403,test
22.022000074386597,954.1414060363029,1000.9620821671699,954.2605290876733,1010.5611408814716,-0.11912305137036583,-9.599058714301691,test
22.05536675453186,969.6597781008054,1009.0406789497695,1008.0635729214375,1001.8782846005272,-38.40379482063213,7.162394349242277,test
22.088733434677124,965.2380166519083,1032.8544329278293,969.6807685562975,1023.1614048125023,-4.442751904389183,9.693028115327024,test
22.122100114822388,927.4990009637231,1028.9692150293681,954.1973705259937,1014.3880706109301,-26.698369562270614,14.581144418438043,test
22.15546679496765,925.8790781868572,1011.2333090147911,975.1623190733437,1008.7864478889695,-49.28324088648651,2.446861125821556,test
22.188833475112915,924.5350859523826,1009.8643173322614,1005.261529813698,1001.5540568544915,-80.72644386131537,8.31026047776993,test
22.22220015525818,914.2360863754066,1031.7071890243392,965.0490451982222,1022.6358590796392,-50.81295882281563,9.071329944699983,test
22.255566835403442,883.9952228789434,1032.3669626985013,981.2362545243031,1007.8992433764618,-97.24103164535973,24.467719322039557,test
22.288933515548706,902.2784466315475,1023.9709200135592,970.0611094018018,1008.7962311615794,-67.78266277025432,15.174688851979795,test
22.32230019569397,904.867459079268,1013.8421230741942,984.1330462366244,1012.6769454240164,-79.26558715735644,1.1651776501778386,test
22.355666875839233,885.4670672060361,1026.6242320916945,943.1236761958701,1021.5240823894933,-57.65660898983401,5.100149702201179,test
22.389033555984497,875.5272897841251,1028.0340302441396,937.6140745568533,1016.3510612528452,-62.086784772728265,11.682968991294388,test
22.42239999771118,876.3866134748312,1024.138468216989,937.4016789165298,1013.3512583192543,-61.01506544169865,10.78720989773467,test
22.455766677856445,868.8051310233861,1026.7394045811013,936.2681616734817,1021.3032591511848,-67.46303065009556,5.436145429916564,test
22.48913335800171,824.7325630459507,1040.6577958434978,884.6922137850031,1030.7927703567138,-59.95965073905245,9.865025486783907,test
22.522500038146973,804.6213692582867,1034.7402034440445,949.3108728832293,1013.2844151457679,-144.68950362494263,21.455788298276616,test
22.555866718292236,846.5967558930054,1014.2406530249825,933.3187773109212,1014.3923358670464,-86.72202141791581,-0.1516828420639058,test
22.5892333984375,842.469954856622,1029.8352484963775,886.8462444675215,1028.0588545231212,-44.37628961089945,1.7763939732562903,test
22.622600078582764,854.4989809180233,1041.46868204402,871.209281376397,1035.9255497352278,-16.710300458373695,5.54313230879211,test
22.655966758728027,873.3449500184431,1030.485759859227,876.2666496260359,1025.59097715608,-2.9216996075928137,4.89478270314703,test
22.68933343887329,900.3155187584828,1012.6051956335941,883.4946529819431,1018.8359566123198,16.820865776539677,-6.230760978725698,test
22.722700119018555,899.3728983668682,1015.4587592029934,819.0481156726374,1043.6318729229938,80.32478269423075,-28.1731137200004,test
22.75606679916382,908.8497896207687,1032.2551548697825,869.3689812790689,1039.6918651358399,39.4808083416998,-7.436710266057389,test
22.789433479309082,944.651205141862,1028.6913803107866,891.8020470725013,1021.3041585542016,52.84915806936067,7.38722175658495,test
22.822800159454346,925.7033403121993,1019.7424494419661,901.2193979878674,1017.477425174093,24.483942324331906,2.265024267873059,test
22.85616683959961,916.7672394182041,1011.8820199012482,940.3913158402089,1020.5575118954774,-23.624076422004805,-8.675491994229219,test
22.889533519744873,957.2096582455661,1016.4999440424962,931.8167677271525,1023.0259021670648,25.392890518413537,-6.52595812456866,test
22.922900199890137,1012.3856265393988,1010.2043010522302,958.7648995445251,1014.6080978610232,53.620726994873735,-4.403796808793004,test
22.9562668800354,990.6128098086942,1005.8270624849265,944.7425796206675,1016.3658929326821,45.87023018802677,-10.538830447755572,test
22.989633321762085,998.8858824432707,1003.7108707397776,961.9901646601821,1017.7546490905818,36.89571778308857,-14.043778350804132,test
23.02300000190735,1034.3201287614904,1005.580496558596,979.6873821937405,1004.3581622064415,54.632746567749905,1.222334352154462,test
23.056366682052612,1014.9653137082939,998.7005614154871,1014.6670628006976,1002.220978784279,0.298250907596298,-3.520417368791982,test
23.089733362197876,978.8715523723561,1005.5330248767635,972.6377063686912,1015.5921898447564,6.233846003664894,-10.059164967992842,test
23.12310004234314,1010.0998298346899,1018.1174775153609,1011.7793778895641,1007.7710397150263,-1.6795480548742034,10.34643780033457,test
23.156466722488403,1011.45230253725,1013.6648974445588,1016.7565411334238,1014.208163214283,-5.304238596173718,-0.5432657697241439,test
23.189833402633667,993.8478408327023,994.4097457048199,996.5585529236141,1000.7234015565008,-2.710712090911784,-6.313655851680892,test
23.22320008277893,1002.7872218725495,999.3226455355473,991.6295778679696,1001.3150595116513,11.157644004579879,-1.9924139761039896,test
23.256566762924194,1041.708217625242,1015.4261394990694,996.8113018879146,1011.9859246997844,44.89691573732739,3.4402147992850587,test
23.289933443069458,989.8417270729585,1014.7415226364221,989.3995841405306,1015.9603198270669,0.44214293242794156,-1.2187971906447501,test
23.32330012321472,946.5427461962427,1003.8980335813036,972.712493963584,1008.3582149260075,-26.16974776734139,-4.460181344703869,test
23.356666803359985,967.6083607224014,1013.0271155252781,1019.924987003273,997.2511084712706,-52.316626280871674,15.776007054007437,test
23.39003348350525,984.7634673979182,1021.1761945156702,1008.210962951487,1007.4411137435774,-23.44749555356873,13.735080772092829,test
23.423400163650513,954.6189031364529,1009.9252025860351,996.9070705856352,1008.6504246682458,-42.28816744918231,1.2747779177892653,test
23.456766843795776,970.0828213183875,1001.8680407138658,982.6111292200757,1006.297105420814,-12.528307901688208,-4.429064706948225,test
23.49013352394104,1021.4822229455581,1011.1443047711667,1014.6973756392814,1011.4945028762531,6.784847306276674,-0.35019810508640603,test
23.523500204086304,997.7922756133307,1014.7869934520711,967.6267166311284,1012.1261170660424,30.165558982202356,2.66087638602869,test
23.556866884231567,980.1835052206125,997.5235953089255,967.1436471887743,1009.5983148880271,13.039858031838207,-12.074719579101611,test
23.590233325958252,1032.2678143678113,997.0902326285662,967.0582613705038,1005.7659779615058,65.20955299730747,-8.675745332939528,test
23.623600006103516,1037.975941969189,1015.6419686570553,1027.453191107747,1009.7731266422468,10.522750861442091,5.868842014808479,test
23.65696668624878,986.6351820439234,1014.7758947993133,976.7277852149633,1015.4457572146905,9.907396828960032,-0.6698624153772244,test
23.690333366394043,977.0361073919046,997.2770608903115,996.92612454932,999.233526222525,-19.8900171574154,-1.9564653322134973,test
23.723700046539307,1021.8590396055001,1000.8464654868665,1008.9562782954513,1001.4294765811085,12.902761310048845,-0.5830110942420106,test
23.75706672668457,1004.5250839018775,1021.0786997205458,1023.4482102354557,1011.150330860382,-18.92312633357824,9.9283688601638,test
23.790433406829834,965.9803446456901,1011.2197211790256,995.6779139425105,1010.2403283447284,-29.697569296820348,0.9793928342971867,test
23.823800086975098,1019.5793349155692,998.2340170979184,998.5543461121354,1003.2524748780241,21.02498880343387,-5.018457780105791,test
23.85716676712036,1022.5829724572552,1001.6399858692018,1001.3529185118005,1005.9158790908849,21.230053945454756,-4.275893221683077,test
23.890533447265625,994.8470155815182,1015.6083670794766,995.5195018885133,1010.110394147596,-0.672486306995097,5.497972931880554,test
23.92390012741089,1024.2326955069195,998.485647666502,988.593215249087,1003.5750860579813,35.639480257832474,-5.089438391479234,test
23.957266807556152,1061.6801885163563,991.4121163531321,1014.5605223050097,1002.5036020907423,47.11966621134661,-11.091485737610242,test
23.990633487701416,1029.0177680853037,1008.8535751140457,1008.7442296001974,1017.6213353931686,20.273538485106315,-8.767760279122854,test
24.02400016784668,1032.228266132245,1008.8809469878636,998.1415871074641,1000.6889241140904,34.08667902478078,8.192022873773226,test
24.057366847991943,1056.1050458041661,985.4434810122223,1035.239093547024,992.3444196847606,20.865952257142226,-6.900938672538359,test
24.090733528137207,1037.722995938645,997.2807186620794,1002.094455643853,1011.2381525207761,35.62854029479195,-13.957433858696731,test
24.12410020828247,1019.9165712561046,1024.0334417738168,1028.3887831653444,1012.6231226566218,-8.472211909239832,11.410319117194945,test
24.157466888427734,1030.4404304145262,1002.9300026419369,1035.0818507936735,1005.9235168167322,-4.641420379147348,-2.9935141747953367,test
24.19083333015442,1036.3343107959724,985.7024668023498,1050.7547998943037,987.0713635566432,-14.420489098331245,-1.3688967542933597,test
24.224200010299683,1045.8092928575443,1002.6202627494426,1035.8840372253214,1006.6118744682752,9.925255632222843,-3.991611718832587,test
24.257566690444946,1076.9390609585175,1012.1693160871635,998.0183604135332,1015.8356971770891,78.92070054498436,-3.6663810899256077,test
24.29093337059021,1066.9075828536545,981.7008700250295,1034.2330654619773,999.2556498076417,32.67451739167723,-17.554779782612172,test
24.324300050735474,1052.279968026662,991.8171987081266,1026.0274150340508,1000.469181004609,26.252552992611072,-8.651982296482402,test
24.357666730880737,1031.1732593366796,1015.4672683282276,1039.4304281035822,1003.5438498920138,-8.257168766902623,11.923418436213865,test
24.391033411026,1021.0915099423594,1005.9491858555243,1034.9063422469314,1003.2798450800759,-13.814832304572064,2.669340775448404,test
24.424400091171265,1001.0017792303083,988.2893099812126,1070.1383820162619,987.5653548773336,-69.13660278595353,0.7239551038790069,test
24.45776677131653,1004.2959109598094,1013.5839757863298,1065.4625742014068,1004.5726253713212,-61.16666324159746,9.011350415008565,test
24.491133451461792,1021.6624173591958,1025.7397929956994,1014.9497915521032,1020.8609200170429,6.71262580709265,4.8788729786565455,test
24.524500131607056,1025.4708022107322,989.1380107306957,1036.248284659821,992.1951748531037,-10.777482449088666,-3.0571641224080395,test
24.55786681175232,1032.927969416365,982.0606810066823,1016.2993400179386,994.1251528420718,16.62862939842637,-12.06447183538944,test
24.591233491897583,1058.88262272078,1017.6450923619569,1002.7609100464825,1019.2226373177068,56.121712674297555,-1.577544955749886,test
24.624600172042847,1045.8218385595085,1014.9410866543556,1005.4505359011608,1017.313263023464,40.371302658347645,-2.372176369108388,test
24.65796685218811,1028.4748813220806,981.4709794184812,1002.5549597880776,1000.3371948383965,25.919921534003038,-18.866215419915306,test
24.691333532333374,1016.8813178848636,999.5477873336743,1018.1917841660369,996.9639592043364,-1.3104662811732624,2.583828129337803,test
24.724700212478638,1031.788039495671,1025.6204176906765,1021.7401116263081,1007.6864800474057,10.047927869362866,17.933937643270838,test
24.7580668926239,1017.1315200712763,1002.7443777325091,1030.321973904019,1004.4051289683249,-13.190453832742605,-1.6607512358158374,test
24.791433334350586,981.8441467628261,986.5207101384274,1049.4002392748157,993.8145432373633,-67.55609251198962,-7.29383309893592,test
24.82480001449585,997.4571455047153,1015.8573318124875,1039.570724193775,1008.3741958997458,-42.11357868905975,7.483135912741659,test
24.858166694641113,1017.307933226037,1026.8394811694436,996.5331374288157,1008.1584759291875,20.77479579722126,18.681005240256127,test
24.891533374786377,992.7042447882088,985.6652891552492,1016.7453665008212,997.2883169771078,-24.04112171261238,-11.623027821858614,test
24.92490005493164,1023.499631655498,990.2322420697584,977.2266022448123,1006.0473719384469,46.273029410685695,-15.815129868688473,test
24.958266735076904,1059.2844812917658,1020.65112495947,1027.5902839705777,1016.6642897465952,31.694197321188085,3.986835212874894,test
24.991633415222168,1034.0828875379511,1009.8413090857143,950.8987853675567,1020.9438097583616,83.18410217039445,-11.102500672647238,test
25.02500009536743,993.6708630273083,980.6419709706352,1014.7332715179215,990.6760754734175,-21.062408490613166,-10.034104502782384,test
25.058366775512695,1005.7112473470165,1011.8178884393412,985.7916882862171,1005.6114438431024,19.91955906079943,6.206444596238839,test
