H,D,horizon_steps,lag_stride_frames,readout_time_delays,target_time_delays,number_of_terms,num_topology_sample_pairs,overparameterized_fraction,condition_warning,selected_alpha,selected_alpha_std_across_samples,min_training_rows_per_fold,min_training_rows_per_fold_std_across_samples,terms_per_training_row,terms_per_training_row_std_across_samples,train_nmse_x_mean,train_nmse_x_mean_std_across_samples,val_nmse_x_mean,val_nmse_x_mean_std_across_samples,train_nmse_y_mean,train_nmse_y_mean_std_across_samples,val_nmse_y_mean,val_nmse_y_mean_std_across_samples,train_nmse_2d_mean,train_nmse_2d_mean_std_across_samples,val_nmse_2d_mean,val_nmse_2d_mean_std_across_samples,train_validation_gap_2d,train_validation_gap_2d_std_across_samples
0,1,5,1,[0],[5],1,35,0.0,,0.08604571432857143,0.2798451044314646,448.0,0.0,0.0022321428571428575,4.336808689942018e-19,0.34254257351136197,0.06475752723102453,0.4564721494343539,0.11109811892047497,0.6579912525413658,0.14436951045519136,0.7284194476126523,0.13656236325304694,0.35384433348800487,0.06322945244076693,0.4676645584247697,0.10804172600643315,0.11382022493676486,0.04575206479029147
1,1,5,1,"[0, 1]","[5, 6]",2,35,0.0,,0.01,0.0,447.0,0.0,0.00447427293064877,8.673617379884035e-19,0.3327353411689183,0.06346871590384766,0.44714927363609264,0.11105980777775475,0.6426939764343499,0.1483777049861784,0.713971400670771,0.13850190183908825,0.34384681788708077,0.061587871710346645,0.45813876681634674,0.10743107187653894,0.11429194892926602,0.04667339810315124
2,1,5,1,"[0, 1, 2]","[5, 6, 7]",3,35,0.0,,0.01,0.0,447.0,0.0,0.006711409395973153,8.673617379884035e-19,0.32928290641976016,0.06492938446986156,0.442703684692676,0.1133790934701429,0.6268592046392459,0.14777780738564653,0.7011886480987014,0.14064934959272002,0.3399715173817237,0.06270189305687254,0.45334692239662683,0.10924253096428724,0.11337540501490313,0.047340417993754574
3,1,5,1,"[0, 1, 2, 3]","[5, 6, 7, 8]",4,35,0.0,,0.007725714297142857,0.004178198008582461,446.0,0.0,0.008968609865470854,1.734723475976807e-18,0.3265552805582495,0.06565868677523046,0.44029486746966323,0.11587908489414066,0.6246580271381879,0.14748222651723691,0.7008451398979982,0.14038268831520884,0.33725756040830124,0.06339609797634076,0.4510364252537219,0.11166518465409682,0.11377886484542067,0.0490415919332935
4,1,5,1,"[0, 1, 2, 3, 4]","[5, 6, 7, 8, 9]",5,35,0.0,,0.01,0.0,445.0,0.0,0.011235955056179777,1.734723475976807e-18,0.3246615017217043,0.06439626104990989,0.4403231541874175,0.11478760970785792,0.6209323865676893,0.14605598108216566,0.6980317933863206,0.13912353375517464,0.335288198811094,0.0622666995447841,0.45089068954153755,0.11077484530446792,0.11560249073044357,0.049250075817539395
5,1,5,1,"[0, 1, 2, 3, 4, 5]","[5, 6, 7, 8, 9, 10]",6,35,0.0,,0.01,0.0,444.0,0.0,0.013513513513513513,1.734723475976807e-18,0.32347481903942826,0.06484918056915707,0.44031417125237404,0.11700135029768016,0.6177558951904094,0.1433255262198756,0.6979595816505152,0.1390798531737905,0.3340321757170916,0.06276516604222825,0.4508585124751217,0.11296041956477688,0.11682633675803013,0.05085014621106095
6,1,5,1,"[0, 1, 2, 3, 4, 5, 6]","[5, 6, 7, 8, 9, 10, 11]",7,35,0.0,,0.009434285714285716,0.002297942291597029,444.0,0.0,0.01576576576576576,3.469446951953614e-18,0.32262818995973175,0.06497493610734338,0.4402213414663283,0.11670461765601858,0.6145707371167093,0.14315849083307428,0.6962466898511158,0.13888053958897226,0.33309881000845126,0.06282825589465559,0.45066255414513384,0.11259591977082613,0.11756374413668265,0.05039820506790526
7,1,5,1,"[0, 1, 2, 3, 4, 5, 6, 7]","[5, 6, 7, 8, 9, 10, 11, 12]",8,35,0.0,,0.01,0.0,443.0,0.0,0.018058690744920988,3.469446951953614e-18,0.32172081403726666,0.06399222210642905,0.4393020837972179,0.11693826345657331,0.6127291719704049,0.14289377832427466,0.6959674264777874,0.1400981791768998,0.3321577436187605,0.06190517326719518,0.44976745034331206,0.1129792917681225,0.11760970672455152,0.05170353789734455
8,1,5,1,"[0, 1, 2, 3, 4, 5, 6, 7, 8]","[5, 6, 7, 8, 9, 10, 11, 12, 13]",9,35,0.0,,0.00971714285714286,0.0016493263931133854,442.0,0.0,0.02036199095022625,3.469446951953614e-18,0.32081911721295303,0.06449421290585296,0.43869236475262974,0.11936965458411385,0.6107159064868994,0.14150194048858947,0.6956942591356667,0.13939084063097368,0.3312092125976573,0.06244377006963874,0.44918117532856683,0.11538789620893025,0.11797196273090957,0.05354786867045819
9,1,5,1,"[0, 1, 2, 3, 4, 5, 6, 7, 8, 9]","[5, 6, 7, 8, 9, 10, 11, 12, 13, 14]",10,35,0.0,,0.01,0.0,441.0,0.0,0.022675736961451243,3.469446951953614e-18,0.31781392966776995,0.06473152069808809,0.4345094318008006,0.12050915570652651,0.607698060996682,0.1418011560788431,0.6962269702633899,0.14078145235714715,0.3281844966728158,0.06261427654864318,0.4452079756623973,0.11646180201924584,0.1170234789895815,0.054476385792401126
10,1,5,1,"[0, 1, 2, 3, 4, 5, 6, 7, 8, 9, 10]","[5, 6, 7, 8, 9, 10, 11, 12, 13, 14, 15]",11,35,0.0,,0.01,0.0,441.0,0.0,0.024943310657596373,0.0,0.3156719687591957,0.06562659912766815,0.43297550592715445,0.12215660113249395,0.6051503410610398,0.1421337543312993,0.6955819801814893,0.14119865753865513,0.32602638552870383,0.06346533460083174,0.44372843894859665,0.1180662795776958,0.11770205341989277,0.05519569326953407
11,1,5,1,"[0, 1, 2, 3, 4, 5, 6, 7, 8, 9, 10, 11]","[5, 6, 7, 8, 9, 10, 11, 12, 13, 14, 15, 16]",12,35,0.0,,0.01,0.0,440.0,0.0,0.027272727272727268,3.469446951953614e-18,0.3151983010127356,0.06595971346059208,0.4347211363675952,0.12444927986129538,0.6025092046321566,0.13987467517691848,0.6958262786992299,0.13887017310048372,0.3254864523826229,0.06379868115377202,0.4454241067005569,0.12031639590676745,0.11993765431793402,0.05703265176114517
12,1,5,1,"[0, 1, 2, 3, 4, 5, 6, 7, 8, 9, 10, 11, 12]","[5, 6, 7, 8, 9, 10, 11, 12, 13, 14, 15, 16, 17]",13,35,0.0,,0.01,0.0,439.0,0.0,0.029612756264236907,3.469446951953614e-18,0.3141338555916522,0.06503460533157321,0.43480987278976835,0.12344436006876242,0.6014312784054947,0.13999151407601376,0.6976747814402451,0.14061010447519362,0.32441182792966505,0.06292378282560833,0.4455638500657442,0.11944184327357486,0.12115202213607924,0.057042066073161334
13,1,5,1,"[0, 1, 2, 3, 4, 5, 6, 7, 8, 9, 10, 11, 12, 13]","[5, 6, 7, 8, 9, 10, 11, 12, 13, 14, 15, 16, 17, 18]",14,35,0.0,,0.01,0.0,438.0,0.0,0.03196347031963471,6.938893903907228e-18,0.31362060419190646,0.06501742794256236,0.436373292705614,0.12349839180059095,0.5987606434535038,0.13838747968943382,0.6990580544070822,0.13920297268546122,0.32382650058173224,0.06292951616903318,0.44715667957746247,0.11957829965650976,0.12333017899573015,0.05723539651481196
14,1,5,1,"[0, 1, 2, 3, 4, 5, 6, 7, 8, 9, 10, 11, 12, 13, 14]","[5, 6, 7, 8, 9, 10, 11, 12, 13, 14, 15, 16, 17, 18, 19]",15,35,0.0,,0.01,0.0,438.0,0.0,0.034246575342465745,6.938893903907228e-18,0.31185235159388486,0.06473018401862858,0.4355188380654919,0.12299321129075699,0.5935022737041902,0.13214224915943223,0.6965815511999941,0.13331125798307503,0.3219636459315323,0.06263867715432707,0.4462833713735724,0.11903170271702122,0.12431972544204002,0.05699022055357028
15,1,5,1,"[0, 1, 2, 3, 4, 5, 6, 7, 8, 9, 10, 11, 12, 13, 14, 15]","[5, 6, 7, 8, 9, 10, 11, 12, 13, 14, 15, 16, 17, 18, 19, 20]",16,35,0.0,,0.00971714285714286,0.0016493263931133854,437.0,0.0,0.03661327231121282,6.938893903907228e-18,0.31099432253873854,0.06497520761200852,0.4384804180711429,0.12545689891966302,0.5917504162566404,0.1317750873143663,0.6987374534098875,0.13579513409760505,0.32106765626743217,0.06287978128114975,0.4491883277899508,0.12153200955029446,0.12812067152251863,0.05914776481663985
16,1,5,1,"[0, 1, 2, 3, 4, 5, 6, 7, 8, 9, 10, 11, 12, 13, 14, 15, 16]","[5, 6, 7, 8, 9, 10, 11, 12, 13, 14, 15, 16, 17, 18, 19, 20, 21]",17,35,0.0,,0.01,0.0,436.0,0.0,0.03899082568807339,6.938893903907228e-18,0.3106782869416571,0.06491574552875914,0.4417625977291194,0.12656218257577798,0.5891452130946921,0.12777714149144442,0.6979566446296388,0.1315970211515027,0.32069078120190386,0.06282571430367481,0.45235475211443676,0.12261289916744267,0.13166397091253293,0.06025245002719286
17,1,5,1,"[0, 1, 2, 3, 4, 5, 6, 7, 8, 9, 10, 11, 12, 13, 14, 15, 16, 17]","[5, 6, 7, 8, 9, 10, 11, 12, 13, 14, 15, 16, 17, 18, 19, 20, 21, 22]",18,35,0.0,,0.01,0.0,435.0,0.0,0.04137931034482759,6.938893903907228e-18,0.31018649519194347,0.06399270913013053,0.4442376659104961,0.12620842135188706,0.5855426876872469,0.12476566030901318,0.6975268304355652,0.12864251050757028,0.32009249417348995,0.061841302584742894,0.45471311514689083,0.12210597291520767,0.13462062097340097,0.06079001561639264
18,1,5,1,"[0, 1, 2, 3, 4, 5, 6, 7, 8, 9, 10, 11, 12, 13, 14, 15, 16, 17, 18]","[5, 6, 7, 8, 9, 10, 11, 12, 13, 14, 15, 16, 17, 18, 19, 20, 21, 22, 23]",19,35,0.0,,0.01,0.0,435.0,0.0,0.04367816091954023,0.0,0.31010996881947034,0.06412469085643402,0.4475700537952288,0.12681908928116406,0.5845429616566937,0.1247131839679149,0.7013918581349625,0.1295846582206222,0.319978584202809,0.06196980919643604,0.4580710126912768,0.12266089179693875,0.13809242848846776,0.061260632473301185
19,1,5,1,"[0, 1, 2, 3, 4, 5, 6, 7, 8, 9, 10, 11, 12, 13, 14, 15, 16, 17, 18, 19]","[5, 6, 7, 8, 9, 10, 11, 12, 13, 14, 15, 16, 17, 18, 19, 20, 21, 22, 23, 24]",20,35,0.0,,0.00971714285714286,0.0016493263931133854,434.0,0.0,0.04608294930875576,0.0,0.30950491070016434,0.06361832727726614,0.4521417224764723,0.12838729192595474,0.5806193426463041,0.12162448130826553,0.7007322134799451,0.1250421761615296,0.3192571487861755,0.06137251404460235,0.46243219784013995,0.12409243501260421,0.14317504905396444,0.06328435935291879
20,1,5,1,"[0, 1, 2, 3, 4, 5, 6, 7, 8, 9, 10, 11, 12, 13, 14, 15, 16, 17, 18, 19, 20]","[5, 6, 7, 8, 9, 10, 11, 12, 13, 14, 15, 16, 17, 18, 19, 20, 21, 22, 23, 24, 25]",21,35,0.0,,0.01,0.0,433.0,0.0,0.048498845265588925,6.938893903907228e-18,0.3086812265270181,0.062463656061736435,0.45491602832498884,0.12767824399676447,0.5765113524191111,0.1180385895535545,0.7018991989196889,0.12311405056881923,0.31832495808070377,0.06020438427316037,0.4651415288590646,0.1233217075846578,0.14681657077836086,0.06371430168283598
21,1,5,1,"[0, 1, 2, 3, 4, 5, 6, 7, 8, 9, 10, 11, 12, 13, 14, 15, 16, 17, 18, 19, 20, 21]","[5, 6, 7, 8, 9, 10, 11, 12, 13, 14, 15, 16, 17, 18, 19, 20, 21, 22, 23, 24, 25, 26]",22,35,0.0,,0.01,0.0,432.0,0.0,0.050925925925925916,6.938893903907228e-18,0.3085598602086453,0.06238375533966316,0.4599996850243663,0.12824546092043945,0.5756288085806508,0.11780881856884869,0.7062352324720977,0.12391052161212947,0.3181778044795283,0.060121748838806596,0.47019166187514816,0.12386642036569472,0.15201385739561998,0.0644270418751667
22,1,5,1,"[0, 1, 2, 3, 4, 5, 6, 7, 8, 9, 10, 11, 12, 13, 14, 15, 16, 17, 18, 19, 20, 21, 22]","[5, 6, 7, 8, 9, 10, 11, 12, 13, 14, 15, 16, 17, 18, 19, 20, 21, 22, 23, 24, 25, 26, 27]",23,35,0.0,,0.01,0.0,432.0,0.0,0.053240740740740734,6.938893903907228e-18,0.308143119419495,0.06140314878644569,0.46142228490766785,0.12694735304960947,0.5740650656038817,0.11801644777573463,0.7072621091228539,0.12285388825275148,0.31770234141191683,0.05918214871604763,0.47160605836514996,0.1225598036424559,0.15390371695323313,0.06409205338979738
23,1,5,1,"[0, 1, 2, 3, 4, 5, 6, 7, 8, 9, 10, 11, 12, 13, 14, 15, 16, 17, 18, 19, 20, 21, 22, 23]","[5, 6, 7, 8, 9, 10, 11, 12, 13, 14, 15, 16, 17, 18, 19, 20, 21, 22, 23, 24, 25, 26, 27, 28]",24,35,0.0,,0.01,0.0,431.0,0.0,0.0556844547563805,6.938893903907228e-18,0.30747192782007104,0.06042900142300583,0.4630937146769422,0.1276203745374791,0.5720757677181262,0.11601363870422138,0.7113605778081725,0.1232622407090386,0.31697567419697265,0.05823094010186855,0.4733663250384514,0.12344584382598091,0.15639065084147874,0.06606043626581011
24,1,5,1,"[0, 1, 2, 3, 4, 5, 6, 7, 8, 9, 10, 11, 12, 13, 14, 15, 16, 17, 18, 19, 20, 21, 22, 23, 24]","[5, 6, 7, 8, 9, 10, 11, 12, 13, 14, 15, 16, 17, 18, 19, 20, 21, 22, 23, 24, 25, 26, 27, 28, 29]",25,35,0.0,,0.01,0.0,430.0,0.0,0.05813953488372093,0.0,0.30748640245748626,0.060669132498669585,0.4647590661706551,0.12959992782297883,0.5699848336292381,0.11596560773055614,0.7120431569256259,0.12397054178314851,0.3168894243554862,0.05849100364640179,0.4749286360015834,0.12537099469271168,0.1580392116460972,0.06771433241608388
25,1,5,1,"[0, 1, 2, 3, 4, 5, 6, 7, 8, 9, 10, 11, 12, 13, 14, 15, 16, 17, 18, 19, 20, 21, 22, 23, 24, 25]","[5, 6, 7, 8, 9, 10, 11, 12, 13, 14, 15, 16, 17, 18, 19, 20, 21, 22, 23, 24, 25, 26, 27, 28, 29, 30]",26,35,0.0,,0.01,0.0,429.0,0.0,0.0606060606060606,6.938893903907228e-18,0.3072066436239443,0.060649036040325704,0.46509398582908507,0.13000655713527004,0.5684661253885668,0.11538544174369586,0.7118948626387467,0.12426949720383092,0.3165678849384523,0.05847222725395557,0.4752467007229559,0.12588974519236085,0.15867881578450357,0.06817633263799555
26,1,5,1,"[0, 1, 2, 3, 4, 5, 6, 7, 8, 9, 10, 11, 12, 13, 14, 15, 16, 17, 18, 19, 20, 21, 22, 23, 24, 25, 26]","[5, 6, 7, 8, 9, 10, 11, 12, 13, 14, 15, 16, 17, 18, 19, 20, 21, 22, 23, 24, 25, 26, 27, 28, 29, 30, 31]",27,35,0.0,,0.01,0.0,429.0,0.0,0.06293706293706294,0.0,0.3063106730775372,0.06064662760807715,0.46726333398407593,0.13095477297222455,0.5649428553290669,0.11206144905244264,0.7114894619026965,0.12111929657707338,0.3155933224642359,0.058479633032337906,0.4773333553119869,0.12682860779424387,0.16174003284775104,0.06901281648458274
27,1,5,1,"[0, 1, 2, 3, 4, 5, 6, 7, 8, 9, 10, 11, 12, 13, 14, 15, 16, 17, 18, 19, 20, 21, 22, 23, 24, 25, 26, 27]","[5, 6, 7, 8, 9, 10, 11, 12, 13, 14, 15, 16, 17, 18, 19, 20, 21, 22, 23, 24, 25, 26, 27, 28, 29, 30, 31, 32]",28,35,0.0,,0.01,0.0,428.0,0.0,0.06542056074766353,1.3877787807814457e-17,0.30504031096257217,0.06079292829767787,0.4632604175140516,0.13774565820345322,0.563616723446069,0.11145353395884537,0.7118307607920196,0.12215299555029643,0.31430189813266113,0.058666023538317576,0.4734798910360691,0.1335261273457441,0.15917799290340792,0.0755625244532634
28,1,5,1,"[0, 1, 2, 3, 4, 5, 6, 7, 8, 9, 10, 11, 12, 13, 14, 15, 16, 17, 18, 19, 20, 21, 22, 23, 24, 25, 26, 27, 28]","[5, 6, 7, 8, 9, 10, 11, 12, 13, 14, 15, 16, 17, 18, 19, 20, 21, 22, 23, 24, 25, 26, 27, 28, 29, 30, 31, 32, 33]",29,35,0.0,,0.01,0.0,427.0,0.0,0.06791569086651053,1.3877787807814457e-17,0.30388237511267074,0.06048106569624536,0.46045547734996667,0.14065773485829888,0.5620466797849276,0.11112699678242147,0.7113248389054058,0.12370361615994556,0.3131111687923136,0.05835368998030825,0.47071645103482224,0.13639403557973817,0.15760528224250864,0.07868252846165452
29,1,5,1,"[0, 1, 2, 3, 4, 5, 6, 7, 8, 9, 10, 11, 12, 13, 14, 15, 16, 17, 18, 19, 20, 21, 22, 23, 24, 25, 26, 27, 28, 29]","[5, 6, 7, 8, 9, 10, 11, 12, 13, 14, 15, 16, 17, 18, 19, 20, 21, 22, 23, 24, 25, 26, 27, 28, 29, 30, 31, 32, 33, 34]",30,35,0.0,,0.01,0.0,426.0,0.0,0.0704225352112676,1.3877787807814457e-17,0.3025369403965005,0.06064268548405222,0.4595239922128729,0.14202710608861582,0.5594227547618389,0.10937560947669922,0.711056649393788,0.12187927673326505,0.31171741513392376,0.058527876213514456,0.4697959374355784,0.137877624243424,0.15807852230165456,0.07990912928537651
30,1,5,1,"[0, 1, 2, 3, 4, 5, 6, 7, 8, 9, 10, 11, 12, 13, 14, 15, 16, 17, 18, 19, 20, 21, 22, 23, 24, 25, 26, 27, 28, 29, 30]","[5, 6, 7, 8, 9, 10, 11, 12, 13, 14, 15, 16, 17, 18, 19, 20, 21, 22, 23, 24, 25, 26, 27, 28, 29, 30, 31, 32, 33, 34, 35]",31,35,0.0,,0.01,0.0,426.0,0.0,0.07276995305164317,1.3877787807814457e-17,0.3015428776597198,0.06109127724555928,0.45996121678477503,0.14519088614010378,0.5571911438138182,0.11050374156821127,0.7124117774052218,0.12412517052853493,0.31064979267306864,0.058997340846945814,0.47021463446890915,0.14095034486853938,0.1595648417958406,0.0824895629152762
0,2,5,1,[0],[5],2,35,0.0,,0.8571485714371428,0.349913109496559,448.0,0.0,0.004464285714285715,8.673617379884035e-19,0.3420429063004656,0.06456812736533489,0.4600380146515181,0.11523871121149465,0.6576003675426166,0.14437262157445738,0.7289721497120947,0.13604902398327598,0.3533493951754717,0.06304688823988211,0.47112534524034494,0.11206506641139166,0.11777595006487324,0.05043327046800108
1,2,5,1,"[0, 1]","[5, 6]",5,35,0.0,,0.009151428571428573,0.00277142268040611,447.0,0.0,0.011185682326621925,0.0,0.32964553756076825,0.06332908798388061,0.45165038753644593,0.11425279260825151,0.6392801594542814,0.14793789206133792,0.7150603274034113,0.13874297210142394,0.34074256337230135,0.061461558399348935,0.4624965179549607,0.11055504988467416,0.12175395458265942,0.050328120592205546
2,2,5,1,"[0, 1, 2]","[5, 6, 7]",9,35,0.0,,0.008582857145714285,0.003471309808658656,447.0,0.0,0.02013422818791946,3.469446951953614e-18,0.3244954061130822,0.06444350252337362,0.44834607806087795,0.11885169599789432,0.6170333119331103,0.14289614914616058,0.7023229187263167,0.13810750747997957,0.33501937237538115,0.06222025491791742,0.4588281484891104,0.11464144806525504,0.12380877611372917,0.05385759657457355
3,2,5,1,"[0, 1, 2, 3]","[5, 6, 7, 8]",14,35,0.0,,0.17971428571428572,0.373114197105434,446.0,0.0,0.03139013452914799,6.938893903907228e-18,0.32228220941068175,0.06726930489819437,0.45174393505232313,0.12106840861610535,0.6135007729635414,0.14363965945752402,0.708612032477183,0.1411923358874366,0.33274007676698875,0.06522514440449884,0.46234743015463653,0.11704971829013738,0.12960735338764784,0.05337949303694727
4,2,5,1,"[0, 1, 2, 3, 4]","[5, 6, 7, 8, 9]",20,35,0.0,,0.4342857142857143,0.48992294271233955,445.0,0.0,0.04494382022471911,6.938893903907228e-18,0.32109922792453643,0.06629044027379402,0.45675309722053026,0.12064597996624313,0.609217070574839,0.13468147030986435,0.7156126940387058,0.1378194312794885,0.3314486651419512,0.06424700762841333,0.46740937633318436,0.11675049019590804,0.13596071119123318,0.054087156202339864
5,2,5,1,"[0, 1, 2, 3, 4, 5]","[5, 6, 7, 8, 9, 10]",27,35,0.0,,0.37771428571428567,0.4783548337152824,444.0,0.0,0.06081081081081083,1.3877787807814457e-17,0.31779940281704766,0.06554455764520234,0.46154644351952234,0.1227524037428142,0.5978059118686089,0.1311323326402813,0.7111223358128975,0.13739055512413315,0.3278908057885671,0.0637818479124985,0.47177128616024516,0.11892721704814908,0.143880480371678,0.056583170122821214
6,2,5,1,"[0, 1, 2, 3, 4, 5, 6]","[5, 6, 7, 8, 9, 10, 11]",35,35,0.0,,0.6888571428571428,0.45958845831940576,444.0,0.0,0.07882882882882883,0.0,0.3181217938647298,0.06451218234558428,0.4650751234580697,0.12336764010742067,0.5978356508205688,0.13406633307885396,0.7149797886951584,0.13402618889412518,0.3281779755641391,0.062650986781554,0.4753382560434967,0.1194187729096615,0.1471602804793577,0.05846349205407829
7,2,5,1,"[0, 1, 2, 3, 4, 5, 6, 7]","[5, 6, 7, 8, 9, 10, 11, 12]",44,35,0.0,,0.4908571428571428,0.4947979179340154,443.0,0.0,0.09932279909706544,1.3877787807814457e-17,0.31263375879444677,0.06259996256924445,0.4649503668787724,0.12577820946528911,0.5837599633170013,0.13610227209698897,0.7105759632035321,0.13984668798809796,0.3223845012606953,0.06088037371162495,0.47503476387340454,0.12183219776955947,0.15265026261270934,0.06260920552586582
8,2,5,1,"[0, 1, 2, 3, 4, 5, 6, 7, 8]","[5, 6, 7, 8, 9, 10, 11, 12, 13]",54,35,0.0,,0.5191428571428571,0.4947979179340154,442.0,0.0,0.12217194570135743,2.7755575615628914e-17,0.3095725545203696,0.061396469084129976,0.4643237804973827,0.12846808333670948,0.5768563322358581,0.13216590568462247,0.7157152904036865,0.13982037199132993,0.31918508291584025,0.05976534759669124,0.47467987147996615,0.1245041626107353,0.1554947885641258,0.06656274693359653
9,2,5,1,"[0, 1, 2, 3, 4, 5, 6, 7, 8, 9]","[5, 6, 7, 8, 9, 10, 11, 12, 13, 14]",65,35,0.0,,0.6322857142857142,0.4783548337152824,441.0,0.0,0.14739229024943312,2.7755575615628914e-17,0.30575462589197666,0.061037309144010385,0.46320078007877885,0.13182140135027448,0.5674356169063509,0.12874395377347456,0.7215079413757672,0.14520841799022757,0.31514399990858233,0.059363493459703334,0.4738690598757067,0.12778725221973417,0.15872505996712447,0.07065833615543199
10,2,5,1,"[0, 1, 2, 3, 4, 5, 6, 7, 8, 9, 10]","[5, 6, 7, 8, 9, 10, 11, 12, 13, 14, 15]",77,35,0.0,,1.0,0.0,441.0,0.0,0.17460317460317462,2.7755575615628914e-17,0.3057644312288676,0.05737546164572519,0.46651020832398415,0.13605944848049392,0.5663219950342587,0.12412542295353879,0.7116496997139632,0.14624678373951083,0.3151440009861867,0.055785930921189775,0.47659109297756136,0.13240181137954662,0.1614470919913747,0.0776958724030599
11,2,5,1,"[0, 1, 2, 3, 4, 5, 6, 7, 8, 9, 10, 11]","[5, 6, 7, 8, 9, 10, 11, 12, 13, 14, 15, 16]",90,35,0.0,,1.0,0.0,440.0,0.0,0.20454545454545453,2.7755575615628914e-17,0.30200171529825187,0.05629236941762842,0.47403708937845723,0.1416855587116622,0.5565397331070059,0.11997847975104374,0.7155411719729574,0.14245702812514044,0.3111758449981811,0.05477611452601667,0.48400294263780674,0.13778890481395875,0.17282709763962564,0.08384857190664398
12,2,5,1,"[0, 1, 2, 3, 4, 5, 6, 7, 8, 9, 10, 11, 12]","[5, 6, 7, 8, 9, 10, 11, 12, 13, 14, 15, 16, 17]",104,35,0.0,,1.0,0.0,439.0,0.0,0.23690205011389526,2.7755575615628914e-17,0.29825226296936214,0.05474122508372499,0.485925118834575,0.14322309247809523,0.5495380179572773,0.11955676055432422,0.7248573615947658,0.1468197505208377,0.3073011437850143,0.05330891228030795,0.495734622696732,0.13945731581949078,0.18843347891171772,0.08693898773662925
13,2,5,1,"[0, 1, 2, 3, 4, 5, 6, 7, 8, 9, 10, 11, 12, 13]","[5, 6, 7, 8, 9, 10, 11, 12, 13, 14, 15, 16, 17, 18]",119,35,0.0,,1.0,0.0,438.0,0.0,0.27168949771689505,5.551115123125783e-17,0.2940050523376214,0.05393410720240293,0.4988983513821708,0.1480323688344629,0.5410514381512931,0.11641460139737402,0.7360787528671163,0.15251801785564503,0.3029019465738456,0.052581401700544775,0.508623712406786,0.14452599354263423,0.20572176583294044,0.09280360881161664
14,2,5,1,"[0, 1, 2, 3, 4, 5, 6, 7, 8, 9, 10, 11, 12, 13, 14]","[5, 6, 7, 8, 9, 10, 11, 12, 13, 14, 15, 16, 17, 18, 19]",135,35,0.0,,1.0,0.0,438.0,0.0,0.3082191780821918,0.0,0.28885967970765253,0.05394073452108544,0.5088716770056061,0.15591474923948057,0.5262638442897555,0.11160164544278127,0.7355839448380358,0.15535169502463303,0.29742823766330595,0.05264141757173448,0.5181735503579066,0.15235976227808262,0.2207453126946005,0.10071470334019776
15,2,5,1,"[0, 1, 2, 3, 4, 5, 6, 7, 8, 9, 10, 11, 12, 13, 14, 15]","[5, 6, 7, 8, 9, 10, 11, 12, 13, 14, 15, 16, 17, 18, 19, 20]",152,35,0.0,,1.0,0.0,437.0,0.0,0.34782608695652173,0.0,0.28244003032977,0.05348426079680944,0.5180773350200059,0.1681547233779864,0.5159513533052544,0.10935388626242595,0.7475062066855362,0.15915607500755063,0.2908692509119884,0.05219728440560723,0.527536557262632,0.16439955753584437,0.2366673063506437,0.11323729364214055
16,2,5,1,"[0, 1, 2, 3, 4, 5, 6, 7, 8, 9, 10, 11, 12, 13, 14, 15, 16]","[5, 6, 7, 8, 9, 10, 11, 12, 13, 14, 15, 16, 17, 18, 19, 20, 21]",170,35,0.0,,1.0,0.0,436.0,0.0,0.38990825688073394,0.0,0.27608343362827953,0.052716170777799394,0.5315390017702605,0.17339279479726208,0.5019654341909238,0.10597876063178305,0.7570577142729087,0.16041076814529157,0.28425243529735167,0.051457601103456915,0.5408786222709286,0.1693831176162097,0.2566261869735769,0.11893237269238344
17,2,5,1,"[0, 1, 2, 3, 4, 5, 6, 7, 8, 9, 10, 11, 12, 13, 14, 15, 16, 17]","[5, 6, 7, 8, 9, 10, 11, 12, 13, 14, 15, 16, 17, 18, 19, 20, 21, 22]",189,35,0.0,,1.0,0.0,435.0,0.0,0.4344827586206896,5.551115123125783e-17,0.2689694515464334,0.05082684795855916,0.5542421642198094,0.17722397347022403,0.4888025090354738,0.099535172858672,0.7731661312556822,0.15937665993496863,0.27693870231999046,0.04958436606678201,0.5633388122887341,0.17315670529265423,0.2864001099687436,0.12454569675975752
18,2,5,1,"[0, 1, 2, 3, 4, 5, 6, 7, 8, 9, 10, 11, 12, 13, 14, 15, 16, 17, 18]","[5, 6, 7, 8, 9, 10, 11, 12, 13, 14, 15, 16, 17, 18, 19, 20, 21, 22, 23]",209,35,0.0,,1.0,0.0,435.0,0.0,0.48045977011494256,5.551115123125783e-17,0.2617802555820416,0.048381654884026924,0.5826688555513171,0.1868833879260368,0.4760649775737981,0.10064147541511931,0.791747094414772,0.17356887531275572,0.26953973031187595,0.04721330119583668,0.5913480481666074,0.1828877722122292,0.3218083178547313,0.1367032161234451
19,2,5,1,"[0, 1, 2, 3, 4, 5, 6, 7, 8, 9, 10, 11, 12, 13, 14, 15, 16, 17, 18, 19]","[5, 6, 7, 8, 9, 10, 11, 12, 13, 14, 15, 16, 17, 18, 19, 20, 21, 22, 23, 24]",230,35,0.0,,1.0,0.0,434.0,0.0,0.5299539170506912,1.1102230246251565e-16,0.2548522799867844,0.046142759696491654,0.6122082480207869,0.20429523042036707,0.46424092142311973,0.09600570710430793,0.8076294981986855,0.17314159728941877,0.26243031140846973,0.04505410234193876,0.6203751387865382,0.1998687227582663,0.3579448273780684,0.15588549650590736
20,2,5,1,"[0, 1, 2, 3, 4, 5, 6, 7, 8, 9, 10, 11, 12, 13, 14, 15, 16, 17, 18, 19, 20]","[5, 6, 7, 8, 9, 10, 11, 12, 13, 14, 15, 16, 17, 18, 19, 20, 21, 22, 23, 24, 25]",252,35,0.0,,1.0,0.0,433.0,0.0,0.5819861431870669,1.1102230246251565e-16,0.2455939187546446,0.042158077121316376,0.6301224101709995,0.2028724540391623,0.4488739367900327,0.08802817871002169,0.8205552059217813,0.16785931989453579,0.252966854853828,0.0410895685238812,0.6380836839759672,0.19812931380491614,0.3851168291221392,0.15818022203891638
21,2,5,1,"[0, 1, 2, 3, 4, 5, 6, 7, 8, 9, 10, 11, 12, 13, 14, 15, 16, 17, 18, 19, 20, 21]","[5, 6, 7, 8, 9, 10, 11, 12, 13, 14, 15, 16, 17, 18, 19, 20, 21, 22, 23, 24, 25, 26]",275,35,0.0,,1.0,0.0,432.0,0.0,0.636574074074074,1.1102230246251565e-16,0.23577649674974716,0.04056495127679392,0.6539653144265325,0.19919399505090102,0.4359492197080662,0.08711222459055298,0.842573896888458,0.175130537134259,0.24304936609029013,0.039582540136436965,0.6617459463657811,0.1948959375042193,0.4186965802754909,0.15683858247407986
22,2,5,1,"[0, 1, 2, 3, 4, 5, 6, 7, 8, 9, 10, 11, 12, 13, 14, 15, 16, 17, 18, 19, 20, 21, 22]","[5, 6, 7, 8, 9, 10, 11, 12, 13, 14, 15, 16, 17, 18, 19, 20, 21, 22, 23, 24, 25, 26, 27]",299,35,0.0,,1.0,0.0,432.0,0.0,0.6921296296296297,0.0,0.2288819287563245,0.040587679615508625,0.6854208999901514,0.19726719941710918,0.4230218168458837,0.08528691716363082,0.8642687047343941,0.1831954494221084,0.23592770176344188,0.03972990450634903,0.6926401538311548,0.1933234276560631,0.4567124520677129,0.15529464874994048
23,2,5,1,"[0, 1, 2, 3, 4, 5, 6, 7, 8, 9, 10, 11, 12, 13, 14, 15, 16, 17, 18, 19, 20, 21, 22, 23]","[5, 6, 7, 8, 9, 10, 11, 12, 13, 14, 15, 16, 17, 18, 19, 20, 21, 22, 23, 24, 25, 26, 27, 28]",324,35,0.0,,1.0,0.0,431.0,0.0,0.7517401392111369,0.0,0.2233520986234571,0.040125908328368085,0.720412955196441,0.20515577207637428,0.4142829363173246,0.08263589294461211,0.8859930767623101,0.18258051963148,0.23026730303538778,0.03932840543655137,0.7269830527559252,0.20123214269949818,0.49671574972053734,0.16362844909935204
24,2,5,1,"[0, 1, 2, 3, 4, 5, 6, 7, 8, 9, 10, 11, 12, 13, 14, 15, 16, 17, 18, 19, 20, 21, 22, 23, 24]","[5, 6, 7, 8, 9, 10, 11, 12, 13, 14, 15, 16, 17, 18, 19, 20, 21, 22, 23, 24, 25, 26, 27, 28, 29]",350,35,1.0,some_samples_overparameterized,1.0,0.0,430.0,0.0,0.813953488372093,0.0,0.21891771369090474,0.039913418832116715,0.74893397617339,0.20324198430225401,0.4024218927263085,0.08060000117566023,0.9086747484420761,0.18610632176049696,0.22553607039527293,0.039207083493323046,0.7551397223862377,0.19951345440530735,0.5296036519909647,0.1620522886912357
25,2,5,1,"[0, 1, 2, 3, 4, 5, 6, 7, 8, 9, 10, 11, 12, 13, 14, 15, 16, 17, 18, 19, 20, 21, 22, 23, 24, 25]","[5, 6, 7, 8, 9, 10, 11, 12, 13, 14, 15, 16, 17, 18, 19, 20, 21, 22, 23, 24, 25, 26, 27, 28, 29, 30]",377,35,1.0,some_samples_overparameterized,1.0,0.0,429.0,0.0,0.8787878787878788,0.0,0.2144718291701176,0.0388393647540977,0.7719232774075065,0.20176409717273253,0.3908422205293617,0.07769772538346073,0.9338438284566654,0.18824618406758495,0.2208375113113219,0.03816012789964177,0.7781564601234442,0.1983506103791092,0.5573189488121226,0.16195565345100021
26,2,5,1,"[0, 1, 2, 3, 4, 5, 6, 7, 8, 9, 10, 11, 12, 13, 14, 15, 16, 17, 18, 19, 20, 21, 22, 23, 24, 25, 26]","[5, 6, 7, 8, 9, 10, 11, 12, 13, 14, 15, 16, 17, 18, 19, 20, 21, 22, 23, 24, 25, 26, 27, 28, 29, 30, 31]",405,35,1.0,some_samples_overparameterized,1.0,0.0,429.0,0.0,0.9440559440559442,1.1102230246251565e-16,0.20844630923985696,0.03874473025366387,0.8064425437054269,0.20483262373123168,0.3788409674236518,0.07464314570768496,0.962846328388063,0.19272491774009096,0.21459601920220867,0.03809595777499869,0.8124780504972616,0.2015222371757476,0.5978820312950531,0.16499720391223435
27,2,5,1,"[0, 1, 2, 3, 4, 5, 6, 7, 8, 9, 10, 11, 12, 13, 14, 15, 16, 17, 18, 19, 20, 21, 22, 23, 24, 25, 26, 27]","[5, 6, 7, 8, 9, 10, 11, 12, 13, 14, 15, 16, 17, 18, 19, 20, 21, 22, 23, 24, 25, 26, 27, 28, 29, 30, 31, 32]",434,35,1.0,some_samples_overparameterized,1.0,0.0,428.0,0.0,1.0140186915887852,2.220446049250313e-16,0.20020648793506024,0.039176551403747095,0.8569520165392789,0.22611240583981088,0.36693435493062465,0.07377715905706402,0.9967001537520448,0.18283043003492946,0.20621440595020457,0.038580690973879915,0.8623641299686042,0.22183635808774152,0.6561497240183995,0.18480168171345
28,2,5,1,"[0, 1, 2, 3, 4, 5, 6, 7, 8, 9, 10, 11, 12, 13, 14, 15, 16, 17, 18, 19, 20, 21, 22, 23, 24, 25, 26, 27, 28]","[5, 6, 7, 8, 9, 10, 11, 12, 13, 14, 15, 16, 17, 18, 19, 20, 21, 22, 23, 24, 25, 26, 27, 28, 29, 30, 31, 32, 33]",464,35,1.0,some_samples_overparameterized,1.0,0.0,427.0,0.0,1.0866510538641685,2.220446049250313e-16,0.191888721417422,0.039198094851789475,0.915397901691725,0.22675063625313915,0.35485760930976995,0.07038176485322972,1.0328828037998987,0.18066990059903099,0.19776193177842,0.03856695372060355,0.9197480305152407,0.22250605158716594,0.7219860987368204,0.18558125351970325
29,2,5,1,"[0, 1, 2, 3, 4, 5, 6, 7, 8, 9, 10, 11, 12, 13, 14, 15, 16, 17, 18, 19, 20, 21, 22, 23, 24, 25, 26, 27, 28, 29]","[5, 6, 7, 8, 9, 10, 11, 12, 13, 14, 15, 16, 17, 18, 19, 20, 21, 22, 23, 24, 25, 26, 27, 28, 29, 30, 31, 32, 33, 34]",495,35,1.0,some_samples_overparameterized,1.0,0.0,426.0,0.0,1.1619718309859153,2.220446049250313e-16,0.18383026172090047,0.03836794620365745,0.9635439029078211,0.2180490490278271,0.3428864155605992,0.06828560240525303,1.073525811892736,0.184629827139331,0.1895560994883084,0.03777235885018768,0.9674979901819641,0.21444182226633515,0.7779418906936558,0.17844272314013726
30,2,5,1,"[0, 1, 2, 3, 4, 5, 6, 7, 8, 9, 10, 11, 12, 13, 14, 15, 16, 17, 18, 19, 20, 21, 22, 23, 24, 25, 26, 27, 28, 29, 30]","[5, 6, 7, 8, 9, 10, 11, 12, 13, 14, 15, 16, 17, 18, 19, 20, 21, 22, 23, 24, 25, 26, 27, 28, 29, 30, 31, 32, 33, 34, 35]",527,35,1.0,some_samples_overparameterized,1.0,0.0,426.0,0.0,1.2370892018779345,2.220446049250313e-16,0.17589695628815585,0.03756210883511842,0.9898049752301966,0.21108435612760168,0.33122500521447085,0.06702710605127031,1.0988581226953476,0.18165260476447168,0.18146762305049416,0.03701659662956418,0.9936451056793149,0.20766456113973905,0.8121774826288207,0.17301714650592773
