topology,amplitude,sample,H,D,horizon_steps,lag_stride_frames,readout_time_delays,target_time_delays,number_of_terms,num_train_rows,num_validation_rows,terms_per_train_row,condition_number,overparameterized,ill_conditioned,condition_warning,train_nmse_x,train_nmse_y,train_nmse_2d,validation_nmse_x,validation_nmse_y,validation_nmse_2d,train_validation_gap_2d
topology_17_prestress,amp=1,sample_0,0,1,5,1,[0],[5],1,299,299,0.0033444816053511705,1.0,False,False,,0.43038160199513814,0.9558151769167803,0.5712929597744661,0.22050516356749789,0.8236950566671764,0.3112889808867009,-0.2600039788877653
topology_17_prestress,amp=1,sample_0,1,1,5,1,"[0, 1]","[5, 6]",2,299,299,0.006688963210702341,74.36746500761856,False,False,,0.4184768104749471,0.9474041298934631,0.5603251245210344,0.2135069319959939,0.822308069227143,0.30513527633395593,-0.2551898481870785
topology_17_prestress,amp=1,sample_0,2,1,5,1,"[0, 1, 2]","[5, 6, 7]",3,299,299,0.010033444816053512,371.9694597367002,False,False,,0.4044720786403617,0.9140050786683733,0.541119202642723,0.20545535616770355,0.8270099651333448,0.29900317704427254,-0.2421160255984504
topology_17_prestress,amp=1,sample_0,3,1,5,1,"[0, 1, 2, 3]","[5, 6, 7, 8]",4,299,299,0.013377926421404682,998.141957128022,False,False,,0.40264550589178305,0.9008213277182844,0.5362468492716264,0.20774743656028485,0.8240648072678554,0.30050702062002893,-0.23573982865159743
topology_17_prestress,amp=1,sample_0,4,1,5,1,"[0, 1, 2, 3, 4]","[5, 6, 7, 8, 9]",5,299,299,0.016722408026755852,1772.880688972408,False,False,,0.3947223342513947,0.8853584632518596,0.526301674462685,0.21498874346451213,0.8351389035389192,0.30832518607855625,-0.2179764883841288
topology_17_prestress,amp=1,sample_0,5,1,5,1,"[0, 1, 2, 3, 4, 5]","[5, 6, 7, 8, 9, 10]",6,299,299,0.020066889632107024,2710.9701852749854,False,False,,0.38461531981559866,0.8687780525025073,0.5144586174374465,0.21765104684135797,0.8475824080217855,0.31245962084309536,-0.2019989965943511
topology_17_prestress,amp=1,sample_0,6,1,5,1,"[0, 1, 2, 3, 4, 5, 6]","[5, 6, 7, 8, 9, 10, 11]",7,299,299,0.023411371237458192,3944.337961694902,False,False,,0.3836636399473928,0.8501537477579261,0.5087674734662352,0.21704359503797152,0.853892472574107,0.312893298124137,-0.19587417534209817
topology_17_prestress,amp=1,sample_0,7,1,5,1,"[0, 1, 2, 3, 4, 5, 6, 7]","[5, 6, 7, 8, 9, 10, 11, 12]",8,299,299,0.026755852842809364,5127.459195874662,False,False,,0.38347780251729746,0.8288857917755797,0.502927810144817,0.2163629049618141,0.8486999922710228,0.31153355565597235,-0.19139425448884467
topology_17_prestress,amp=1,sample_0,8,1,5,1,"[0, 1, 2, 3, 4, 5, 6, 7, 8]","[5, 6, 7, 8, 9, 10, 11, 12, 13]",9,299,299,0.030100334448160536,6269.194686579334,False,False,,0.3765190359692264,0.8199086111200667,0.4954277430670206,0.21184340119484216,0.8627213742737908,0.30980457010873813,-0.18562317295828246
topology_17_prestress,amp=1,sample_0,9,1,5,1,"[0, 1, 2, 3, 4, 5, 6, 7, 8, 9]","[5, 6, 7, 8, 9, 10, 11, 12, 13, 14]",10,299,299,0.033444816053511704,7251.585751227279,False,False,,0.37524103284930804,0.8034573012249698,0.4900805457392299,0.21061320781249876,0.8744447412177436,0.3105239678381634,-0.1795565779010665
topology_17_prestress,amp=1,sample_0,10,1,5,1,"[0, 1, 2, 3, 4, 5, 6, 7, 8, 9, 10]","[5, 6, 7, 8, 9, 10, 11, 12, 13, 14, 15]",11,299,299,0.03678929765886288,8132.993256781842,False,False,,0.37514495069894943,0.8028335598299349,0.4898429553485133,0.2108505064731556,0.8741476624703922,0.31068083938698837,-0.17916211596152493
topology_17_prestress,amp=1,sample_0,11,1,5,1,"[0, 1, 2, 3, 4, 5, 6, 7, 8, 9, 10, 11]","[5, 6, 7, 8, 9, 10, 11, 12, 13, 14, 15, 16]",12,299,299,0.04013377926421405,9001.95116557542,False,False,,0.37335894569049455,0.7870018997064477,0.4842901710027188,0.20979095005429294,0.8773713978234939,0.31026594492648946,-0.17402422607622936
topology_17_prestress,amp=1,sample_0,12,1,5,1,"[0, 1, 2, 3, 4, 5, 6, 7, 8, 9, 10, 11, 12]","[5, 6, 7, 8, 9, 10, 11, 12, 13, 14, 15, 16, 17]",13,299,299,0.043478260869565216,9864.520573673328,False,False,,0.3722189578459377,0.7721036131069238,0.47946046736756925,0.2084739459924515,0.8788558621456607,0.309370579219184,-0.17008988814838527
topology_17_prestress,amp=1,sample_0,13,1,5,1,"[0, 1, 2, 3, 4, 5, 6, 7, 8, 9, 10, 11, 12, 13]","[5, 6, 7, 8, 9, 10, 11, 12, 13, 14, 15, 16, 17, 18]",14,299,299,0.046822742474916385,10850.873409095822,False,False,,0.37180691931517035,0.7688832038674431,0.4782952768712629,0.21013321685818398,0.8854709620816398,0.311775733074876,-0.1665195437963869
topology_17_prestress,amp=1,sample_0,14,1,5,1,"[0, 1, 2, 3, 4, 5, 6, 7, 8, 9, 10, 11, 12, 13, 14]","[5, 6, 7, 8, 9, 10, 11, 12, 13, 14, 15, 16, 17, 18, 19]",15,299,299,0.05016722408026756,11957.27319868602,False,False,,0.3705981792338328,0.7308280788134367,0.46720503247887507,0.21296617291589257,0.9010764450873539,0.31653103359892454,-0.15067399887995053
topology_17_prestress,amp=1,sample_0,15,1,5,1,"[0, 1, 2, 3, 4, 5, 6, 7, 8, 9, 10, 11, 12, 13, 14, 15]","[5, 6, 7, 8, 9, 10, 11, 12, 13, 14, 15, 16, 17, 18, 19, 20]",16,299,299,0.05351170568561873,13057.528685062667,False,False,,0.37038627663824747,0.7298456986544759,0.4667865023574224,0.21371915764740776,0.9004218090541081,0.3170721626812905,-0.1497143396761319
topology_17_prestress,amp=1,sample_0,0,2,5,1,[0],[5],2,299,299,0.006688963210702341,2.0591661024408974,False,False,,0.4272310812316199,0.9536837684882404,0.5684157456851037,0.24279819864440627,0.8542395901135628,0.3348239176087695,-0.23359182807633416
topology_17_prestress,amp=1,sample_0,1,2,5,1,"[0, 1]","[5, 6]",5,299,299,0.016722408026755852,12614.275293367326,False,False,,0.41158997313883805,0.9430305096255697,0.5541122845204198,0.24137146671012394,0.8483447915530343,0.3327247139553695,-0.22138757056505032
topology_17_prestress,amp=1,sample_0,2,2,5,1,"[0, 1, 2]","[5, 6, 7]",9,299,299,0.030100334448160536,222294.0563519359,False,False,,0.3963410042104246,0.9047002468796775,0.5326733486649607,0.23017862158489416,0.8411171747385248,0.3221286602663149,-0.21054468839864582
topology_17_prestress,amp=1,sample_0,3,2,5,1,"[0, 1, 2, 3]","[5, 6, 7, 8]",14,299,299,0.046822742474916385,1359173.7409635494,False,False,,0.38963920996863827,0.8831399336464303,0.5219867803516102,0.23425743127462034,0.862707942132033,0.32884312812483446,-0.1931436522267757
topology_17_prestress,amp=1,sample_0,4,2,5,1,"[0, 1, 2, 3, 4]","[5, 6, 7, 8, 9]",20,299,299,0.06688963210702341,4667244.494584521,False,False,,0.375804601101389,0.8604774032256294,0.505784689709589,0.2417572738703641,0.8667718487400733,0.33582584105942753,-0.16995884865016148
topology_17_prestress,amp=1,sample_0,5,2,5,1,"[0, 1, 2, 3, 4, 5]","[5, 6, 7, 8, 9, 10]",27,299,299,0.0903010033444816,10838272.47740693,False,False,,0.3612760552350704,0.8155386049177762,0.483100688679242,0.24812664164304532,0.9563389682861971,0.3547169861111597,-0.1283837025680823
topology_17_prestress,amp=1,sample_0,6,2,5,1,"[0, 1, 2, 3, 4, 5, 6]","[5, 6, 7, 8, 9, 10, 11]",35,299,299,0.11705685618729098,23961096.465508625,False,False,,0.3548799208116356,0.7913684759588044,0.47193790472539154,0.24986468447021878,0.9632731207085325,0.3572370756364859,-0.11470082908890566
topology_17_prestress,amp=1,sample_0,7,2,5,1,"[0, 1, 2, 3, 4, 5, 6, 7]","[5, 6, 7, 8, 9, 10, 11, 12]",44,299,299,0.14715719063545152,41258626.35798435,False,False,,0.34766090431224395,0.7592419763315009,0.4580391718280837,0.25178422441955794,0.9584461668987709,0.358141226462138,-0.0998979453659457
topology_17_prestress,amp=1,sample_0,8,2,5,1,"[0, 1, 2, 3, 4, 5, 6, 7, 8]","[5, 6, 7, 8, 9, 10, 11, 12, 13]",54,299,299,0.1806020066889632,218285177.8210119,False,False,,0.3317367290748072,0.7238027908548846,0.436881439541518,0.25272194997471986,1.010952533437218,0.36684035209376387,-0.07004108744775411
topology_17_prestress,amp=1,sample_0,9,2,5,1,"[0, 1, 2, 3, 4, 5, 6, 7, 8, 9]","[5, 6, 7, 8, 9, 10, 11, 12, 13, 14]",65,299,299,0.21739130434782608,418065318.0095589,False,False,,0.3191148195880099,0.6981585619175493,0.42076719000872087,0.2597095048918214,1.0463857746441472,0.3781091590961491,-0.042658030912571754
topology_17_prestress,amp=1,sample_0,10,2,5,1,"[0, 1, 2, 3, 4, 5, 6, 7, 8, 9, 10]","[5, 6, 7, 8, 9, 10, 11, 12, 13, 14, 15]",77,299,299,0.25752508361204013,267203963.62366948,False,False,,0.30919737181956425,0.6733583825596546,0.40685847480738,0.27028781560164467,1.1112560524268655,0.3968587473373605,-0.009999727470019537
topology_17_prestress,amp=1,sample_0,11,2,5,1,"[0, 1, 2, 3, 4, 5, 6, 7, 8, 9, 10, 11]","[5, 6, 7, 8, 9, 10, 11, 12, 13, 14, 15, 16]",90,299,299,0.3010033444816054,224459121.34638092,False,False,,0.2828382085140408,0.6336233064241086,0.3769121443919178,0.3118387413988955,1.2317280261205863,0.4502877799743249,0.07337563558240712
topology_17_prestress,amp=1,sample_0,12,2,5,1,"[0, 1, 2, 3, 4, 5, 6, 7, 8, 9, 10, 11, 12]","[5, 6, 7, 8, 9, 10, 11, 12, 13, 14, 15, 16, 17]",104,299,299,0.34782608695652173,196007704.3725047,False,False,,0.25577581165020624,0.6011438691166394,0.34839699962522624,0.3498869906453221,1.2205983913812277,0.4809344528896758,0.13253745326444955
topology_17_prestress,amp=1,sample_0,13,2,5,1,"[0, 1, 2, 3, 4, 5, 6, 7, 8, 9, 10, 11, 12, 13]","[5, 6, 7, 8, 9, 10, 11, 12, 13, 14, 15, 16, 17, 18]",119,299,299,0.3979933110367893,232719010.30587983,False,False,,0.23779929117239895,0.5536292330372236,0.32249891460657987,0.398010362296661,1.3641771767321254,0.5434244559096169,0.220925541303037
topology_17_prestress,amp=1,sample_0,14,2,5,1,"[0, 1, 2, 3, 4, 5, 6, 7, 8, 9, 10, 11, 12, 13, 14]","[5, 6, 7, 8, 9, 10, 11, 12, 13, 14, 15, 16, 17, 18, 19]",135,299,299,0.451505016722408,519927652.60814774,False,False,,0.22607711353457532,0.5089344220746974,0.3019340996629152,0.4374436730691698,1.5723594864603956,0.6082555368855909,0.3063214372226757
topology_17_prestress,amp=1,sample_0,15,2,5,1,"[0, 1, 2, 3, 4, 5, 6, 7, 8, 9, 10, 11, 12, 13, 14, 15]","[5, 6, 7, 8, 9, 10, 11, 12, 13, 14, 15, 16, 17, 18, 19, 20]",152,299,299,0.5083612040133779,1307807255.7168815,False,False,,0.20706401474186523,0.44938023840653535,0.27204864784918076,0.43706840556364257,1.7880261094781513,0.6403959128729826,0.36834726502380183
topology_17_prestress,amp=1,sample_0,0,3,5,1,[0],[5],3,299,299,0.010033444816053512,27.957191875425334,False,False,,0.4267632846016941,0.95334747765116,0.5679832164242806,0.2627820012099141,0.8327744965225311,0.3485694044136785,-0.21941381201060212
topology_17_prestress,amp=1,sample_0,1,3,5,1,"[0, 1]","[5, 6]",9,299,299,0.030100334448160536,8624713.556990322,False,False,,0.4089010954213081,0.9331446289032425,0.5494933065699552,0.27619334134660667,0.8467845104402334,0.36207084866483064,-0.18742245790512457
topology_17_prestress,amp=1,sample_0,2,3,5,1,"[0, 1, 2]","[5, 6, 7]",19,299,299,0.06354515050167224,35828164.49465951,False,False,,0.38800360615265633,0.8737269575277306,0.5182654322219066,0.27673966985477944,0.9028028441327585,0.370966057753723,-0.14729937446818359
topology_17_prestress,amp=1,sample_0,3,3,5,1,"[0, 1, 2, 3]","[5, 6, 7, 8]",34,299,299,0.11371237458193979,205156454.70417857,False,False,,0.3540623706474682,0.8203659162939938,0.4791161717186422,0.32264825454028573,0.9756797771466871,0.42093354600518057,-0.05818262571346161
topology_17_prestress,amp=1,sample_0,4,3,5,1,"[0, 1, 2, 3, 4]","[5, 6, 7, 8, 9]",55,299,299,0.18394648829431437,575976934.5436772,False,False,,0.31800139574831365,0.7403843018134086,0.43127651107623505,0.38380411547772747,1.0072890436316282,0.4776424613557255,0.046365950279490475
topology_17_prestress,amp=1,sample_0,5,3,5,1,"[0, 1, 2, 3, 4, 5]","[5, 6, 7, 8, 9, 10]",83,299,299,0.27759197324414714,2065111268.6940985,False,False,,0.28272017948521677,0.6394165358385469,0.37837940319619223,0.49357131959166545,1.386896787823162,0.6280223391499756,0.2496429359537834
topology_17_prestress,amp=1,sample_0,6,3,5,1,"[0, 1, 2, 3, 4, 5, 6]","[5, 6, 7, 8, 9, 10, 11]",119,299,299,0.3979933110367893,1324425278.930946,False,False,,0.23433829407273785,0.5600846333535839,0.32169730794343504,0.5863924646757468,1.5035011176863533,0.7244230009450551,0.40272569300162003
topology_17_prestress,amp=1,sample_0,7,3,5,1,"[0, 1, 2, 3, 4, 5, 6, 7]","[5, 6, 7, 8, 9, 10, 11, 12]",164,299,299,0.5484949832775919,1067419822.1617334,False,False,,0.1772099733084679,0.4039684127158048,0.23802230261112914,0.7823820723252723,2.135308661357236,0.9860059090474063,0.7479836064362771
topology_17_prestress,amp=1,sample_0,8,3,5,1,"[0, 1, 2, 3, 4, 5, 6, 7, 8]","[5, 6, 7, 8, 9, 10, 11, 12, 13]",219,299,299,0.7324414715719063,705730313611.0792,False,False,,0.10634882232314626,0.2711493906889321,0.15054522118229988,0.9240456243626751,2.833901204045219,1.2114907258728709,1.060945504690571
topology_17_prestress,amp=1,sample_0,9,3,5,1,"[0, 1, 2, 3, 4, 5, 6, 7, 8, 9]","[5, 6, 7, 8, 9, 10, 11, 12, 13, 14]",285,299,299,0.9531772575250836,9971448157.65104,True,False,,0.058086964064882306,0.1297217549954863,0.07729806159662087,1.4535527021652606,5.223379937948975,2.020935065519598,1.9436370039229771
topology_17_prestress,amp=1,sample_0,10,3,5,1,"[0, 1, 2, 3, 4, 5, 6, 7, 8, 9, 10]","[5, 6, 7, 8, 9, 10, 11, 12, 13, 14, 15]",363,299,299,1.214046822742475,33944908604.92443,True,False,,0.01550773696314136,0.01961472736351422,0.016609154195166394,3.88692254613055,11.04959105693669,4.9649485492877,4.948339395092534
topology_17_prestress,amp=1,sample_0,11,3,5,1,"[0, 1, 2, 3, 4, 5, 6, 7, 8, 9, 10, 11]","[5, 6, 7, 8, 9, 10, 11, 12, 13, 14, 15, 16]",454,299,299,1.5183946488294315,22958943555.074192,True,False,,0.0003065546908940005,0.0005713472844183258,0.0003775670617517,5.892385665624422,18.948181565033593,7.857363864774878,7.856986297713126
topology_17_prestress,amp=1,sample_0,12,3,5,1,"[0, 1, 2, 3, 4, 5, 6, 7, 8, 9, 10, 11, 12]","[5, 6, 7, 8, 9, 10, 11, 12, 13, 14, 15, 16, 17]",559,299,299,1.8695652173913044,41629905525.288826,True,False,,5.959719868224193e-06,1.5227034798527178e-05,8.445038645183541e-06,8.417453705580671,23.357194603716295,10.665977303220666,10.665968858182021
topology_17_prestress,amp=1,sample_0,13,3,5,1,"[0, 1, 2, 3, 4, 5, 6, 7, 8, 9, 10, 11, 12, 13]","[5, 6, 7, 8, 9, 10, 11, 12, 13, 14, 15, 16, 17, 18]",679,299,299,2.270903010033445,104510626659.41217,True,False,,7.415787527079527e-07,1.1290461958554962e-06,8.454902005391037e-07,4.962218835618227,16.058430965862076,6.632267532539474,6.632266687049274
topology_17_prestress,amp=1,sample_0,14,3,5,1,"[0, 1, 2, 3, 4, 5, 6, 7, 8, 9, 10, 11, 12, 13, 14]","[5, 6, 7, 8, 9, 10, 11, 12, 13, 14, 15, 16, 17, 18, 19]",815,299,299,2.725752508361204,6837340502722.785,True,True,ill_conditioned,1.1198918713032109e-07,1.56713355961051e-07,1.2398336423716065e-07,4.672691541107804,13.990039612623796,6.075010172272531,6.075010048289167
topology_17_prestress,amp=1,sample_0,15,3,5,1,"[0, 1, 2, 3, 4, 5, 6, 7, 8, 9, 10, 11, 12, 13, 14, 15]","[5, 6, 7, 8, 9, 10, 11, 12, 13, 14, 15, 16, 17, 18, 19, 20]",968,299,299,3.237458193979933,183840785619.64142,True,False,,1.8371643300698532e-08,1.742764209496455e-08,1.8118480012332103e-08,5.171822887540157,12.355466245900834,6.253005735250693,6.253005717132213
topology_17_prestress,amp=1,sample_2,0,1,5,1,[0],[5],1,299,299,0.0033444816053511705,1.0,False,False,,0.43312951449832277,0.9566023812426312,0.575425992493176,0.22137792123705616,0.832379884563727,0.3171478220118323,-0.25827817048134377
topology_17_prestress,amp=1,sample_2,1,1,5,1,"[0, 1]","[5, 6]",2,299,299,0.006688963210702341,74.59947820356729,False,False,,0.4218694113007733,0.9480618493599943,0.5649051547749907,0.2141524702782584,0.8318201877209982,0.3109671772052267,-0.253937977569764
topology_17_prestress,amp=1,sample_2,2,1,5,1,"[0, 1, 2]","[5, 6, 7]",3,299,299,0.010033444816053512,373.0835147991092,False,False,,0.4079199198100707,0.9163164551107671,0.5461181741876202,0.20583083308373631,0.8303234397171789,0.3037152893729383,-0.24240288481468192
topology_17_prestress,amp=1,sample_2,3,1,5,1,"[0, 1, 2, 3]","[5, 6, 7, 8]",4,299,299,0.013377926421404682,1037.116627855233,False,False,,0.4057128981356329,0.9025525279249109,0.5407696201525426,0.20841927300477428,0.8284682721048258,0.30560722768171,-0.2351623924708326
topology_17_prestress,amp=1,sample_2,4,1,5,1,"[0, 1, 2, 3, 4]","[5, 6, 7, 8, 9]",5,299,299,0.016722408026755852,1904.755418369604,False,False,,0.3970226967362743,0.8874090139465701,0.5303252043330552,0.21633576398089607,0.8371115739870235,0.3136376407277019,-0.2166875636053533
topology_17_prestress,amp=1,sample_2,5,1,5,1,"[0, 1, 2, 3, 4, 5]","[5, 6, 7, 8, 9, 10]",6,299,299,0.020066889632107024,3005.416960016033,False,False,,0.38622516192044903,0.8695751812037333,0.5176149812448401,0.21889896980120963,0.8455755081746934,0.3171257407450224,-0.20048924049981764
topology_17_prestress,amp=1,sample_2,6,1,5,1,"[0, 1, 2, 3, 4, 5, 6]","[5, 6, 7, 8, 9, 10, 11]",7,299,299,0.023411371237458192,4559.494713775037,False,False,,0.38470394225549887,0.8509072513554484,0.5114327435533742,0.2182673247345792,0.8484975498461964,0.3170511089888608,-0.1943816345645134
topology_17_prestress,amp=1,sample_2,7,1,5,1,"[0, 1, 2, 3, 4, 5, 6, 7]","[5, 6, 7, 8, 9, 10, 11, 12]",8,299,299,0.026755852842809364,6142.522773419254,False,False,,0.3844456493719826,0.8276735054403277,0.5049289960256341,0.2174645380100923,0.8424225721507113,0.3154219465136171,-0.18950704951201702
topology_17_prestress,amp=1,sample_2,8,1,5,1,"[0, 1, 2, 3, 4, 5, 6, 7, 8]","[5, 6, 7, 8, 9, 10, 11, 12, 13]",9,299,299,0.030100334448160536,7708.742036478056,False,False,,0.3771417692317784,0.8207563996143423,0.4977302533742829,0.21312312685039417,0.8554262480426593,0.3137992455472901,-0.1839310078269928
topology_17_prestress,amp=1,sample_2,9,1,5,1,"[0, 1, 2, 3, 4, 5, 6, 7, 8, 9]","[5, 6, 7, 8, 9, 10, 11, 12, 13, 14]",10,299,299,0.033444816053511704,9056.878983534134,False,False,,0.37625730489889736,0.8047312866743955,0.49273008198528884,0.2119711900943649,0.8636264712477395,0.31411318858423043,-0.1786168934010584
topology_17_prestress,amp=1,sample_2,10,1,5,1,"[0, 1, 2, 3, 4, 5, 6, 7, 8, 9, 10]","[5, 6, 7, 8, 9, 10, 11, 12, 13, 14, 15]",11,299,299,0.03678929765886288,10225.51029335489,False,False,,0.37611246044770863,0.8046159492376331,0.4925932584736669,0.21221602115469662,0.8635961541956321,0.3143148922750799,-0.178278366198587
topology_17_prestress,amp=1,sample_2,11,1,5,1,"[0, 1, 2, 3, 4, 5, 6, 7, 8, 9, 10, 11]","[5, 6, 7, 8, 9, 10, 11, 12, 13, 14, 15, 16]",12,299,299,0.04013377926421405,11391.932938826016,False,False,,0.37452946514287894,0.7911794372923217,0.48778810252413307,0.211104805751881,0.8655783818735683,0.3136885504973557,-0.17409955202677735
topology_17_prestress,amp=1,sample_2,12,1,5,1,"[0, 1, 2, 3, 4, 5, 6, 7, 8, 9, 10, 11, 12]","[5, 6, 7, 8, 9, 10, 11, 12, 13, 14, 15, 16, 17]",13,299,299,0.043478260869565216,12532.444717562681,False,False,,0.37227689384787843,0.7767349485050534,0.48222138253228947,0.20966169080172112,0.86578919895543,0.31250467678716237,-0.1697167057451271
topology_17_prestress,amp=1,sample_2,13,1,5,1,"[0, 1, 2, 3, 4, 5, 6, 7, 8, 9, 10, 11, 12, 13]","[5, 6, 7, 8, 9, 10, 11, 12, 13, 14, 15, 16, 17, 18]",14,299,299,0.046822742474916385,13828.709427999118,False,False,,0.37139371323942166,0.7746672244085255,0.48101620554714825,0.21244363431087654,0.8718463599032615,0.31579998566655343,-0.16521621988059482
topology_17_prestress,amp=1,sample_2,14,1,5,1,"[0, 1, 2, 3, 4, 5, 6, 7, 8, 9, 10, 11, 12, 13, 14]","[5, 6, 7, 8, 9, 10, 11, 12, 13, 14, 15, 16, 17, 18, 19]",15,299,299,0.05016722408026756,15260.781999607616,False,False,,0.37039397041489625,0.7399555814261218,0.4708525022506786,0.2149234726976674,0.8817225095552867,0.31943913947045727,-0.15141336278022133
topology_17_prestress,amp=1,sample_2,15,1,5,1,"[0, 1, 2, 3, 4, 5, 6, 7, 8, 9, 10, 11, 12, 13, 14, 15]","[5, 6, 7, 8, 9, 10, 11, 12, 13, 14, 15, 16, 17, 18, 19, 20]",16,299,299,0.05351170568561873,16674.045142027302,False,False,,0.3700915794585956,0.7386887718806374,0.47028795182581346,0.21577650215897415,0.8805258551573701,0.3199708966092517,-0.15031705521656175
topology_17_prestress,amp=1,sample_2,0,2,5,1,[0],[5],2,299,299,0.006688963210702341,2.0754679510466914,False,False,,0.4299463063791376,0.9546522815113426,0.5725779822261253,0.24359167035758322,0.8596442339087146,0.3401532142225325,-0.23242476800359285
topology_17_prestress,amp=1,sample_2,1,2,5,1,"[0, 1]","[5, 6]",5,299,299,0.016722408026755852,12253.905607695757,False,False,,0.4141325843907996,0.9435982200727956,0.5580580864811582,0.24217512647967315,0.8573618941838888,0.33860096344460044,-0.21945712303655773
topology_17_prestress,amp=1,sample_2,2,2,5,1,"[0, 1, 2]","[5, 6, 7]",9,299,299,0.030100334448160536,249371.98318890168,False,False,,0.3996164533268537,0.908268701098768,0.5378842184400027,0.23072020187115555,0.8406171762820612,0.326316904055466,-0.2115673143845367
topology_17_prestress,amp=1,sample_2,3,2,5,1,"[0, 1, 2, 3]","[5, 6, 7, 8]",14,299,299,0.046822742474916385,1607468.213472411,False,False,,0.3940391771329488,0.8904017180222658,0.5289662113007495,0.23490010793759342,0.8698053215469651,0.3344166610067505,-0.194549550293999
topology_17_prestress,amp=1,sample_2,4,2,5,1,"[0, 1, 2, 3, 4]","[5, 6, 7, 8, 9]",20,299,299,0.06688963210702341,4276743.098772943,False,False,,0.38193697669305837,0.8641713010517161,0.5130235148573802,0.24488247431646915,0.8830714773339136,0.3449137363467297,-0.16810977851065045
topology_17_prestress,amp=1,sample_2,5,2,5,1,"[0, 1, 2, 3, 4, 5]","[5, 6, 7, 8, 9, 10]",27,299,299,0.0903010033444816,9041169.361671025,False,False,,0.3644380628868745,0.8193793081748562,0.4881054791212542,0.252729230329177,0.9548313250538295,0.36277838234735565,-0.12532709677389853
topology_17_prestress,amp=1,sample_2,6,2,5,1,"[0, 1, 2, 3, 4, 5, 6]","[5, 6, 7, 8, 9, 10, 11]",35,299,299,0.11705685618729098,20246707.464351427,False,False,,0.35825117617114094,0.7910623895039404,0.47590294994305454,0.2541931670094263,0.9930407193985029,0.3700018894474536,-0.10590106049560094
topology_17_prestress,amp=1,sample_2,7,2,5,1,"[0, 1, 2, 3, 4, 5, 6, 7]","[5, 6, 7, 8, 9, 10, 11, 12]",44,299,299,0.14715719063545152,58070549.00531099,False,False,,0.3492843625113757,0.7531808020357967,0.4590761864437879,0.2580449939480313,0.9730415657860347,0.3701152569737177,-0.08896092947007017
topology_17_prestress,amp=1,sample_2,8,2,5,1,"[0, 1, 2, 3, 4, 5, 6, 7, 8]","[5, 6, 7, 8, 9, 10, 11, 12, 13]",54,299,299,0.1806020066889632,191299817.35532874,False,False,,0.33404122651967105,0.7195925536006407,0.4388462687964112,0.26004113980900223,1.0234008114036703,0.3796919501043543,-0.059154318692056895
topology_17_prestress,amp=1,sample_2,9,2,5,1,"[0, 1, 2, 3, 4, 5, 6, 7, 8, 9]","[5, 6, 7, 8, 9, 10, 11, 12, 13, 14]",65,299,299,0.21739130434782608,269177809.9625447,False,False,,0.3245460450496966,0.6957328557979994,0.4254463575647001,0.25413870775849084,1.0576769341722747,0.3800872002860739,-0.045359157278626216
topology_17_prestress,amp=1,sample_2,10,2,5,1,"[0, 1, 2, 3, 4, 5, 6, 7, 8, 9, 10]","[5, 6, 7, 8, 9, 10, 11, 12, 13, 14, 15]",77,299,299,0.25752508361204013,427071397.00264657,False,False,,0.31467684351077563,0.6730795724809828,0.4121020383511321,0.2557983378392523,1.0966924280185681,0.3876020772905977,-0.024499961060534425
topology_17_prestress,amp=1,sample_2,11,2,5,1,"[0, 1, 2, 3, 4, 5, 6, 7, 8, 9, 10, 11]","[5, 6, 7, 8, 9, 10, 11, 12, 13, 14, 15, 16]",90,299,299,0.3010033444816054,1281531598.93395,False,False,,0.289176014501191,0.6297692717717824,0.3817600317776259,0.2746934714808109,1.2416212449955037,0.42625203018280294,0.044491998405177036
topology_17_prestress,amp=1,sample_2,12,2,5,1,"[0, 1, 2, 3, 4, 5, 6, 7, 8, 9, 10, 11, 12]","[5, 6, 7, 8, 9, 10, 11, 12, 13, 14, 15, 16, 17]",104,299,299,0.34782608695652173,497661497.24722195,False,False,,0.2600384195315183,0.5975255562702738,0.3517780950282989,0.30122452631376584,1.1968296982769615,0.44160381083405775,0.08982571580575888
topology_17_prestress,amp=1,sample_2,13,2,5,1,"[0, 1, 2, 3, 4, 5, 6, 7, 8, 9, 10, 11, 12, 13]","[5, 6, 7, 8, 9, 10, 11, 12, 13, 14, 15, 16, 17, 18]",119,299,299,0.3979933110367893,236083002.934496,False,False,,0.22933454227587055,0.5293404157989773,0.31088562523001223,0.37225634036347477,1.3336500401610247,0.522947475190287,0.21206184996027472
topology_17_prestress,amp=1,sample_2,14,2,5,1,"[0, 1, 2, 3, 4, 5, 6, 7, 8, 9, 10, 11, 12, 13, 14]","[5, 6, 7, 8, 9, 10, 11, 12, 13, 14, 15, 16, 17, 18, 19]",135,299,299,0.451505016722408,6830967338.0513,False,False,,0.2148591190906477,0.48040851182260547,0.28704384101222663,0.41289046705882115,1.6279677287853225,0.6033445666752215,0.3163007256629949
topology_17_prestress,amp=1,sample_2,15,2,5,1,"[0, 1, 2, 3, 4, 5, 6, 7, 8, 9, 10, 11, 12, 13, 14, 15]","[5, 6, 7, 8, 9, 10, 11, 12, 13, 14, 15, 16, 17, 18, 19, 20]",152,299,299,0.5083612040133779,1585328801.5174482,False,False,,0.1980355229438592,0.4308407468616905,0.261319344373503,0.4281757370814359,1.8383488118375007,0.6492096183955688,0.3878902740220658
topology_17_prestress,amp=1,sample_2,0,3,5,1,[0],[5],3,299,299,0.010033444816053512,26.87196570307206,False,False,,0.429482633098918,0.9545547552720017,0.5722138392896069,0.26312723270394,0.8477161199616289,0.3547570851218987,-0.2174567541677082
topology_17_prestress,amp=1,sample_2,1,3,5,1,"[0, 1]","[5, 6]",9,299,299,0.030100334448160536,22220151.22830717,False,False,,0.4106403899576811,0.9395586383065379,0.5544170948618754,0.27720167383167793,0.8518291478603395,0.36727015065056906,-0.18714694421130634
topology_17_prestress,amp=1,sample_2,2,3,5,1,"[0, 1, 2]","[5, 6, 7]",19,299,299,0.06354515050167224,119130490.1788056,False,False,,0.3901391174204848,0.8686416307292376,0.5202112313372873,0.2754178614241277,0.8861524556839276,0.371145854135524,-0.14906537720176333
topology_17_prestress,amp=1,sample_2,3,3,5,1,"[0, 1, 2, 3]","[5, 6, 7, 8]",34,299,299,0.11371237458193979,2466413083.375884,False,False,,0.36513055338010164,0.8168829120250145,0.48793112938863403,0.30855430915537885,1.0008420408199856,0.41706513456768124,-0.0708659948209528
topology_17_prestress,amp=1,sample_2,4,3,5,1,"[0, 1, 2, 3, 4]","[5, 6, 7, 8, 9]",55,299,299,0.18394648829431437,114141811.58171692,False,False,,0.3253223792534069,0.745131274609032,0.4394397118508846,0.3913350323988606,1.0603389006154331,0.4961962896822311,0.05675657783134652
topology_17_prestress,amp=1,sample_2,5,3,5,1,"[0, 1, 2, 3, 4, 5]","[5, 6, 7, 8, 9, 10]",83,299,299,0.27759197324414714,592906957.33755,False,False,,0.2906854702332365,0.6398014893441075,0.3855862436773853,0.5274528356964703,1.4686675283574038,0.6749810649563588,0.2893948212789735
topology_17_prestress,amp=1,sample_2,6,3,5,1,"[0, 1, 2, 3, 4, 5, 6]","[5, 6, 7, 8, 9, 10, 11]",119,299,299,0.3979933110367893,698608079.963928,False,False,,0.24352884608851474,0.5269210101240656,0.320563797459348,0.6360733056747326,1.674355685051652,0.7988161549901985,0.47825235753085055
topology_17_prestress,amp=1,sample_2,7,3,5,1,"[0, 1, 2, 3, 4, 5, 6, 7]","[5, 6, 7, 8, 9, 10, 11, 12]",164,299,299,0.5484949832775919,3703155457.654628,False,False,,0.18465441760071108,0.3757778626214063,0.23660781350035356,0.8481771589611412,2.333541682408114,1.0809967267582323,0.8443889132578788
topology_17_prestress,amp=1,sample_2,8,3,5,1,"[0, 1, 2, 3, 4, 5, 6, 7, 8]","[5, 6, 7, 8, 9, 10, 11, 12, 13]",219,299,299,0.7324414715719063,2283424796.767494,False,False,,0.10959655995145551,0.23304630501113266,0.14315410428151332,1.06229023527902,3.108373941237345,1.3829982612068337,1.2398441569253205
topology_17_prestress,amp=1,sample_2,9,3,5,1,"[0, 1, 2, 3, 4, 5, 6, 7, 8, 9]","[5, 6, 7, 8, 9, 10, 11, 12, 13, 14]",285,299,299,0.9531772575250836,4027464372.18361,True,False,,0.059633719291902254,0.12749440298092454,0.07808039895139897,1.3926516275743217,4.329422153805142,1.85296802388194,1.774887624930541
topology_17_prestress,amp=1,sample_2,10,3,5,1,"[0, 1, 2, 3, 4, 5, 6, 7, 8, 9, 10]","[5, 6, 7, 8, 9, 10, 11, 12, 13, 14, 15]",363,299,299,1.214046822742475,17832115040.499516,True,False,,0.015229154516853886,0.015446369375142268,0.015288200383920163,3.5108089591346685,13.80128424124834,5.123762526955547,5.108474326571627
topology_17_prestress,amp=1,sample_2,11,3,5,1,"[0, 1, 2, 3, 4, 5, 6, 7, 8, 9, 10, 11]","[5, 6, 7, 8, 9, 10, 11, 12, 13, 14, 15, 16]",454,299,299,1.5183946488294315,944013471186.8104,True,False,,0.000351139788939058,0.0006040794079590836,0.0004198967756301945,6.233282157627169,18.15995087268703,8.10269657521101,8.102276678435379
topology_17_prestress,amp=1,sample_2,12,3,5,1,"[0, 1, 2, 3, 4, 5, 6, 7, 8, 9, 10, 11, 12]","[5, 6, 7, 8, 9, 10, 11, 12, 13, 14, 15, 16, 17]",559,299,299,1.8695652173913044,24210102791.021736,True,False,,8.313329806105852e-06,1.9043505232729314e-05,1.1230130787542843e-05,6.015071532916443,16.695778952790985,7.689191014033258,7.68917978390247
topology_17_prestress,amp=1,sample_2,13,3,5,1,"[0, 1, 2, 3, 4, 5, 6, 7, 8, 9, 10, 11, 12, 13]","[5, 6, 7, 8, 9, 10, 11, 12, 13, 14, 15, 16, 17, 18]",679,299,299,2.270903010033445,21697574858.200222,True,False,,8.702691956896689e-07,1.8088431367375124e-06,1.1254032716533281e-06,5.945248067668346,17.631204551825988,7.776932677735262,7.77693155233199
topology_17_prestress,amp=1,sample_2,14,3,5,1,"[0, 1, 2, 3, 4, 5, 6, 7, 8, 9, 10, 11, 12, 13, 14]","[5, 6, 7, 8, 9, 10, 11, 12, 13, 14, 15, 16, 17, 18, 19]",815,299,299,2.725752508361204,755229175207.4586,True,False,,1.3830198797884792e-07,2.2260389497829858e-07,1.6121791202449856e-07,6.133348216121005,21.995889157922775,8.619680606545698,8.619680445327786
topology_17_prestress,amp=1,sample_2,15,3,5,1,"[0, 1, 2, 3, 4, 5, 6, 7, 8, 9, 10, 11, 12, 13, 14, 15]","[5, 6, 7, 8, 9, 10, 11, 12, 13, 14, 15, 16, 17, 18, 19, 20]",968,299,299,3.237458193979933,58862714784.29435,True,False,,1.8896701826716532e-08,2.7971772777484992e-08,2.1363593075310157e-08,5.2476104394832905,15.874516593546735,6.913296982250395,6.913296960886802
topology_17_prestress,amp=1,sample_3,0,1,5,1,[0],[5],1,299,299,0.0033444816053511705,1.0,False,False,,0.43807850808851817,0.9603007364502483,0.5845838016221448,0.22118692903898524,0.8355352602330718,0.318112590039019,-0.26647121158312587
topology_17_prestress,amp=1,sample_3,1,1,5,1,"[0, 1]","[5, 6]",2,299,299,0.006688963210702341,74.24476731142286,False,False,,0.4263068339013782,0.9525060631617628,0.5739278434126047,0.21389305772747402,0.8351239139999173,0.3119045738665175,-0.26202326954608723
topology_17_prestress,amp=1,sample_3,2,1,5,1,"[0, 1, 2]","[5, 6, 7]",3,299,299,0.010033444816053512,369.35366472565863,False,False,,0.4108067809949334,0.9182918364013032,0.5531776778437351,0.2056851406918869,0.8333072571115344,0.3047050051618955,-0.24847267268183953
topology_17_prestress,amp=1,sample_3,3,1,5,1,"[0, 1, 2, 3]","[5, 6, 7, 8]",4,299,299,0.013377926421404682,1012.4750735027567,False,False,,0.4088932749687161,0.9059365215479437,0.548334805382769,0.20818569399150305,0.8320297578229847,0.30660949556721023,-0.2417253098155588
topology_17_prestress,amp=1,sample_3,4,1,5,1,"[0, 1, 2, 3, 4]","[5, 6, 7, 8, 9]",5,299,299,0.016722408026755852,1813.6536645674141,False,False,,0.3992284366549252,0.8905806607765844,0.5370733959726691,0.2164974646603934,0.8404224557333567,0.3149340341170815,-0.22213936185558764
topology_17_prestress,amp=1,sample_3,5,1,5,1,"[0, 1, 2, 3, 4, 5]","[5, 6, 7, 8, 9, 10]",6,299,299,0.020066889632107024,2772.08687400639,False,False,,0.38799524299722327,0.8722509459483628,0.5238493297310556,0.21941022274719024,0.8501068405011779,0.3189151509163176,-0.20493417881473797
topology_17_prestress,amp=1,sample_3,6,1,5,1,"[0, 1, 2, 3, 4, 5, 6]","[5, 6, 7, 8, 9, 10, 11]",7,299,299,0.023411371237458192,4043.255418252245,False,False,,0.38661358736104307,0.8563375088909786,0.5183908983717145,0.21886345558059905,0.8541156267726802,0.31908711285793456,-0.19930378551377992
topology_17_prestress,amp=1,sample_3,7,1,5,1,"[0, 1, 2, 3, 4, 5, 6, 7]","[5, 6, 7, 8, 9, 10, 11, 12]",8,299,299,0.026755852842809364,5290.985267053282,False,False,,0.38618135869422865,0.8318215919148257,0.5112021824596117,0.21787739305871257,0.8465536008662718,0.3170635613979435,-0.19413862106166818
topology_17_prestress,amp=1,sample_3,8,1,5,1,"[0, 1, 2, 3, 4, 5, 6, 7, 8]","[5, 6, 7, 8, 9, 10, 11, 12, 13]",9,299,299,0.030100334448160536,6471.151001986152,False,False,,0.37937565484742,0.8254985747654179,0.5045318925275065,0.21340592953063794,0.8582785980723018,0.3151474114970141,-0.18938448103049244
topology_17_prestress,amp=1,sample_3,9,1,5,1,"[0, 1, 2, 3, 4, 5, 6, 7, 8, 9]","[5, 6, 7, 8, 9, 10, 11, 12, 13, 14]",10,299,299,0.033444816053511704,7500.473569974201,False,False,,0.3783613715927884,0.8094298024565165,0.4992941920797505,0.21222733421170362,0.8685772738978266,0.3157795838414202,-0.18351460823833032
topology_17_prestress,amp=1,sample_3,10,1,5,1,"[0, 1, 2, 3, 4, 5, 6, 7, 8, 9, 10]","[5, 6, 7, 8, 9, 10, 11, 12, 13, 14, 15]",11,299,299,0.03678929765886288,8399.734618603401,False,False,,0.3781636450224264,0.8092105217326969,0.4990904186630315,0.21256510729519873,0.8686527683184433,0.31607597725238284,-0.18301444141064865
topology_17_prestress,amp=1,sample_3,11,1,5,1,"[0, 1, 2, 3, 4, 5, 6, 7, 8, 9, 10, 11]","[5, 6, 7, 8, 9, 10, 11, 12, 13, 14, 15, 16]",12,299,299,0.04013377926421405,9307.2064479833,False,False,,0.3763762613481389,0.7967522191933448,0.49430939355470527,0.2114962765412642,0.8708951343159544,0.31552955360454593,-0.17877983995015934
topology_17_prestress,amp=1,sample_3,12,1,5,1,"[0, 1, 2, 3, 4, 5, 6, 7, 8, 9, 10, 11, 12]","[5, 6, 7, 8, 9, 10, 11, 12, 13, 14, 15, 16, 17]",13,299,299,0.043478260869565216,10192.635532925018,False,False,,0.3744509931824092,0.7828224586908721,0.48901636052183434,0.2100329302687559,0.8691020194971052,0.3140141797888535,-0.17500218073298085
topology_17_prestress,amp=1,sample_3,13,1,5,1,"[0, 1, 2, 3, 4, 5, 6, 7, 8, 9, 10, 11, 12, 13]","[5, 6, 7, 8, 9, 10, 11, 12, 13, 14, 15, 16, 17, 18]",14,299,299,0.046822742474916385,11197.978267143775,False,False,,0.37395749526977645,0.7807582647705769,0.48808221633419224,0.211944648394613,0.8747158181993583,0.3165099747140165,-0.17157224162017576
topology_17_prestress,amp=1,sample_3,14,1,5,1,"[0, 1, 2, 3, 4, 5, 6, 7, 8, 9, 10, 11, 12, 13, 14]","[5, 6, 7, 8, 9, 10, 11, 12, 13, 14, 15, 16, 17, 18, 19]",15,299,299,0.05016722408026756,12333.821145666392,False,False,,0.3725337094301087,0.7478319970263054,0.47782065969922405,0.2151341674464395,0.8852797644449574,0.32086295624137995,-0.1569577034578441
topology_17_prestress,amp=1,sample_3,15,1,5,1,"[0, 1, 2, 3, 4, 5, 6, 7, 8, 9, 10, 11, 12, 13, 14, 15]","[5, 6, 7, 8, 9, 10, 11, 12, 13, 14, 15, 16, 17, 18, 19, 20]",16,299,299,0.05351170568561873,13457.927954330858,False,False,,0.3722616182270716,0.7464828542231029,0.47724641023431474,0.21593761579416493,0.8837935989097705,0.3213051724871074,-0.15594123774720736
topology_17_prestress,amp=1,sample_3,0,2,5,1,[0],[5],2,299,299,0.006688963210702341,2.0188699482098422,False,False,,0.4349581740326052,0.9580087702225596,0.581695859573383,0.2432448628674835,0.8675279139387533,0.34173792340626824,-0.23995793616711475
topology_17_prestress,amp=1,sample_3,1,2,5,1,"[0, 1]","[5, 6]",5,299,299,0.016722408026755852,12334.727516742305,False,False,,0.4188264590957475,0.9473945401396351,0.56711203113808,0.24175107358464668,0.8649616875111251,0.3400749358463924,-0.22703709529168753
topology_17_prestress,amp=1,sample_3,2,2,5,1,"[0, 1, 2]","[5, 6, 7]",9,299,299,0.030100334448160536,226194.8466878527,False,False,,0.40241020995529625,0.9084730344738358,0.5443821112378848,0.2303431519443373,0.8482762862145744,0.32783438688682087,-0.21654772435106395
topology_17_prestress,amp=1,sample_3,3,2,5,1,"[0, 1, 2, 3]","[5, 6, 7, 8]",14,299,299,0.046822742474916385,1537712.5696846526,False,False,,0.39566288671753136,0.8860434771908212,0.5332352619415113,0.2352862357526412,0.870955585223613,0.33557571119596347,-0.1976595507455478
topology_17_prestress,amp=1,sample_3,4,2,5,1,"[0, 1, 2, 3, 4]","[5, 6, 7, 8, 9]",20,299,299,0.06688963210702341,5173527.43185458,False,False,,0.3803067160526337,0.8641142871794786,0.5160350829666375,0.24349359176471239,0.8662430365458632,0.341744695426859,-0.1742903875397785
topology_17_prestress,amp=1,sample_3,5,2,5,1,"[0, 1, 2, 3, 4, 5]","[5, 6, 7, 8, 9, 10]",27,299,299,0.0903010033444816,10712447.974576205,False,False,,0.36480106525276434,0.8165025838877141,0.4915223344427069,0.2496586949770471,0.9464914011169197,0.3595979057140121,-0.13192442872869475
topology_17_prestress,amp=1,sample_3,6,2,5,1,"[0, 1, 2, 3, 4, 5, 6]","[5, 6, 7, 8, 9, 10, 11]",35,299,299,0.11705685618729098,21214625.47808047,False,False,,0.35710690880531154,0.7939899249707038,0.47967096496194056,0.25339462526312556,0.9546142734764943,0.36402596331394843,-0.11564500164799213
topology_17_prestress,amp=1,sample_3,7,2,5,1,"[0, 1, 2, 3, 4, 5, 6, 7]","[5, 6, 7, 8, 9, 10, 11, 12]",44,299,299,0.14715719063545152,27856063.239380363,False,False,,0.3500722040862633,0.7592102162270632,0.4648526199879261,0.25456466960379426,0.9430015225785884,0.3631792676147789,-0.10167335237314717
topology_17_prestress,amp=1,sample_3,8,2,5,1,"[0, 1, 2, 3, 4, 5, 6, 7, 8]","[5, 6, 7, 8, 9, 10, 11, 12, 13]",54,299,299,0.1806020066889632,36800630.23079963,False,False,,0.3355204944788122,0.720803132507613,0.4436084748677299,0.25520727050899716,0.9984658123625073,0.3724710796627547,-0.0711373952049752
topology_17_prestress,amp=1,sample_3,9,2,5,1,"[0, 1, 2, 3, 4, 5, 6, 7, 8, 9]","[5, 6, 7, 8, 9, 10, 11, 12, 13, 14]",65,299,299,0.21739130434782608,50676905.05918815,False,False,,0.32281361366062805,0.6949353241209358,0.42720940047393763,0.26188040783387284,1.0431276233477669,0.38513768538021226,-0.04207171509372537
topology_17_prestress,amp=1,sample_3,10,2,5,1,"[0, 1, 2, 3, 4, 5, 6, 7, 8, 9, 10]","[5, 6, 7, 8, 9, 10, 11, 12, 13, 14, 15]",77,299,299,0.25752508361204013,85909108.60013297,False,False,,0.3134388637447446,0.6716761574033405,0.41393948783114526,0.27034816946394136,1.0902604516179764,0.39970562984047064,-0.014233857990674614
topology_17_prestress,amp=1,sample_3,11,2,5,1,"[0, 1, 2, 3, 4, 5, 6, 7, 8, 9, 10, 11]","[5, 6, 7, 8, 9, 10, 11, 12, 13, 14, 15, 16]",90,299,299,0.3010033444816054,171690118.8730926,False,False,,0.2889395244820133,0.6283968601598817,0.3841715806923453,0.307696799101582,1.2319650708825536,0.45351849118562476,0.06934691049327946
topology_17_prestress,amp=1,sample_3,12,2,5,1,"[0, 1, 2, 3, 4, 5, 6, 7, 8, 9, 10, 11, 12]","[5, 6, 7, 8, 9, 10, 11, 12, 13, 14, 15, 16, 17]",104,299,299,0.34782608695652173,395956926.4154425,False,False,,0.26185337726676433,0.6026509472755868,0.357461425561302,0.3435980429924098,1.2087614180135506,0.480094762750654,0.12263333718935199
topology_17_prestress,amp=1,sample_3,13,2,5,1,"[0, 1, 2, 3, 4, 5, 6, 7, 8, 9, 10, 11, 12, 13]","[5, 6, 7, 8, 9, 10, 11, 12, 13, 14, 15, 16, 17, 18]",119,299,299,0.3979933110367893,1398297616.9981925,False,False,,0.24179435442760971,0.5499322797740769,0.3282399991167458,0.3982782310022098,1.356465944575337,0.5494513892651658,0.22121139014842
topology_17_prestress,amp=1,sample_3,14,2,5,1,"[0, 1, 2, 3, 4, 5, 6, 7, 8, 9, 10, 11, 12, 13, 14]","[5, 6, 7, 8, 9, 10, 11, 12, 13, 14, 15, 16, 17, 18, 19]",135,299,299,0.451505016722408,3311348879.3587523,False,False,,0.22958899132371896,0.503103969964421,0.30632144363105984,0.4351683090959316,1.6226123057474415,0.6225112030731415,0.3161897594420816
topology_17_prestress,amp=1,sample_3,15,2,5,1,"[0, 1, 2, 3, 4, 5, 6, 7, 8, 9, 10, 11, 12, 13, 14, 15]","[5, 6, 7, 8, 9, 10, 11, 12, 13, 14, 15, 16, 17, 18, 19, 20]",152,299,299,0.5083612040133779,1017215455.6636873,False,False,,0.2085778645606307,0.4433440397237354,0.2744396481770364,0.4390170747937685,1.8701326653735313,0.6648040063132019,0.3903643581361655
topology_17_prestress,amp=1,sample_3,0,3,5,1,[0],[5],3,299,299,0.010033444816053512,27.305496614739933,False,False,,0.43452086634630804,0.9578841226677098,0.5813462662007367,0.26215722873452135,0.852940749842291,0.35536507253219185,-0.22598119366854486
topology_17_prestress,amp=1,sample_3,1,3,5,1,"[0, 1]","[5, 6]",9,299,299,0.030100334448160536,14845005.72888634,False,False,,0.41584011081936983,0.938966431704704,0.5625990403212852,0.27661704693168576,0.8661793552877092,0.3696322201430218,-0.1929668201782634
topology_17_prestress,amp=1,sample_3,2,3,5,1,"[0, 1, 2]","[5, 6, 7]",19,299,299,0.06354515050167224,8290153697.193211,False,False,,0.39445347563882155,0.88222640831539,0.5312942932036367,0.27384536426888145,0.8883678472815852,0.37079850118001767,-0.16049579202361908
topology_17_prestress,amp=1,sample_3,3,3,5,1,"[0, 1, 2, 3]","[5, 6, 7, 8]",34,299,299,0.11371237458193979,146105576.20082352,False,False,,0.3591378204483673,0.8248804618048938,0.48979821496493475,0.3228000565008823,0.9821795933483742,0.42683028530384515,-0.0629679296610896
topology_17_prestress,amp=1,sample_3,4,3,5,1,"[0, 1, 2, 3, 4]","[5, 6, 7, 8, 9]",55,299,299,0.18394648829431437,252745993.32622325,False,False,,0.3207070987721653,0.7477643726408555,0.44051462106029154,0.3912158068701832,0.9801605255229657,0.4841335430296483,0.04361892196935674
topology_17_prestress,amp=1,sample_3,5,3,5,1,"[0, 1, 2, 3, 4, 5]","[5, 6, 7, 8, 9, 10]",83,299,299,0.27759197324414714,1280842820.7812126,False,False,,0.2861627887563979,0.6420584790928981,0.38600649465086456,0.5124311759562212,1.3092834565821276,0.6381504627148107,0.2521439680639461
topology_17_prestress,amp=1,sample_3,6,3,5,1,"[0, 1, 2, 3, 4, 5, 6]","[5, 6, 7, 8, 9, 10, 11]",119,299,299,0.3979933110367893,7981318145.854414,False,False,,0.23283218326877594,0.5518755128812612,0.3223372524065955,0.6286243765995404,1.5004493403266863,0.7661720943923759,0.4438348419857804
topology_17_prestress,amp=1,sample_3,7,3,5,1,"[0, 1, 2, 3, 4, 5, 6, 7]","[5, 6, 7, 8, 9, 10, 11, 12]",164,299,299,0.5484949832775919,2173161840.5506773,False,False,,0.17138260320091583,0.4049455922601955,0.2369068425234499,0.8309111244509614,2.0796025594943135,1.0279170192849478,0.7910101767614979
topology_17_prestress,amp=1,sample_3,8,3,5,1,"[0, 1, 2, 3, 4, 5, 6, 7, 8]","[5, 6, 7, 8, 9, 10, 11, 12, 13]",219,299,299,0.7324414715719063,2374208689.3767242,False,False,,0.10278556513328332,0.2660254495388612,0.14858121664405907,0.9553542762972853,2.7635185565612113,1.2406281334274731,1.0920469167834141
topology_17_prestress,amp=1,sample_3,9,3,5,1,"[0, 1, 2, 3, 4, 5, 6, 7, 8, 9]","[5, 6, 7, 8, 9, 10, 11, 12, 13, 14]",285,299,299,0.9531772575250836,15948106401.31778,True,False,,0.05763400933919731,0.13124015800741284,0.07828362904295132,1.4210979222626392,5.557762592175736,2.0737390007978465,1.995455371754895
topology_17_prestress,amp=1,sample_3,10,3,5,1,"[0, 1, 2, 3, 4, 5, 6, 7, 8, 9, 10]","[5, 6, 7, 8, 9, 10, 11, 12, 13, 14, 15]",363,299,299,1.214046822742475,5009002138.066356,True,False,,0.01564975722791261,0.018214060222960765,0.01636915204221849,4.038150856822947,11.775566021599223,5.258881900105784,5.242512748063565
topology_17_prestress,amp=1,sample_3,11,3,5,1,"[0, 1, 2, 3, 4, 5, 6, 7, 8, 9, 10, 11]","[5, 6, 7, 8, 9, 10, 11, 12, 13, 14, 15, 16]",454,299,299,1.5183946488294315,37014580322.98311,True,False,,0.00031370605994620454,0.0006720990489823637,0.0004142503631327143,5.438976236375343,18.309053229214427,7.469486707898315,7.469072457535182
topology_17_prestress,amp=1,sample_3,12,3,5,1,"[0, 1, 2, 3, 4, 5, 6, 7, 8, 9, 10, 11, 12]","[5, 6, 7, 8, 9, 10, 11, 12, 13, 14, 15, 16, 17]",559,299,299,1.8695652173913044,309113433330.10614,True,False,,4.9244690217647015e-06,1.4083896760793712e-05,7.4940736395462835e-06,8.480307815653834,22.9491915286732,10.763061827683487,10.763054333609848
topology_17_prestress,amp=1,sample_3,13,3,5,1,"[0, 1, 2, 3, 4, 5, 6, 7, 8, 9, 10, 11, 12, 13]","[5, 6, 7, 8, 9, 10, 11, 12, 13, 14, 15, 16, 17, 18]",679,299,299,2.270903010033445,18483553064.873695,True,False,,7.509219276569167e-07,1.0537514241909413e-06,8.358783348545556e-07,4.927775924979344,18.782197955755226,7.113586392627782,7.113585556749447
topology_17_prestress,amp=1,sample_3,14,3,5,1,"[0, 1, 2, 3, 4, 5, 6, 7, 8, 9, 10, 11, 12, 13, 14]","[5, 6, 7, 8, 9, 10, 11, 12, 13, 14, 15, 16, 17, 18, 19]",815,299,299,2.725752508361204,86216280522.92184,True,False,,1.3099514170907624e-07,1.5237853531509647e-07,1.3699408274768903e-07,4.4386034782027295,18.025016631378627,6.58213021804358,6.582130081049497
topology_17_prestress,amp=1,sample_3,15,3,5,1,"[0, 1, 2, 3, 4, 5, 6, 7, 8, 9, 10, 11, 12, 13, 14, 15]","[5, 6, 7, 8, 9, 10, 11, 12, 13, 14, 15, 16, 17, 18, 19, 20]",968,299,299,3.237458193979933,77727954743.55702,True,False,,2.0864893693997007e-08,1.9019155665612214e-08,2.0347086567167118e-08,5.356875982026617,15.229553088048881,6.9144870403673915,6.914487020020305
topology_17_prestress,amp=1,sample_4,0,1,5,1,[0],[5],1,299,299,0.0033444816053511705,1.0,False,False,,0.4361963090458325,0.9580920837646912,0.57931415123318,0.22070762178300038,0.8347581645045705,0.3175377740647297,-0.26177637716845026
topology_17_prestress,amp=1,sample_4,1,1,5,1,"[0, 1]","[5, 6]",2,299,299,0.006688963210702341,74.1458892797241,False,False,,0.4248486437672662,0.9492845718629553,0.5686630642519045,0.2134940279487555,0.8346825135359525,0.3114497685112043,-0.2572132957407002
topology_17_prestress,amp=1,sample_4,2,1,5,1,"[0, 1, 2]","[5, 6, 7]",3,299,299,0.010033444816053512,367.48082663999696,False,False,,0.41121265138073987,0.9177792074907074,0.5501268100052066,0.2056054348893101,0.831688703427513,0.3043330379379174,-0.2457937720672892
topology_17_prestress,amp=1,sample_4,3,1,5,1,"[0, 1, 2, 3]","[5, 6, 7, 8]",4,299,299,0.013377926421404682,989.5550336306125,False,False,,0.40968097908839823,0.9037265571153925,0.5451615491457316,0.2075996029195646,0.8313376018118918,0.30595737840325316,-0.2392041707424784
topology_17_prestress,amp=1,sample_4,4,1,5,1,"[0, 1, 2, 3, 4]","[5, 6, 7, 8, 9]",5,299,299,0.016722408026755852,1751.345270325411,False,False,,0.39991145252377996,0.8879066539312468,0.5337328467683295,0.21639916351552624,0.840924234779559,0.3148810531108495,-0.21885179365748003
topology_17_prestress,amp=1,sample_4,5,1,5,1,"[0, 1, 2, 3, 4, 5]","[5, 6, 7, 8, 9, 10]",6,299,299,0.020066889632107024,2658.4099924036295,False,False,,0.3887303868247212,0.8700456542782441,0.5207199637222966,0.2187881834319138,0.8473749683500655,0.3179105681075119,-0.20280939561478467
topology_17_prestress,amp=1,sample_4,6,1,5,1,"[0, 1, 2, 3, 4, 5, 6]","[5, 6, 7, 8, 9, 10, 11]",7,299,299,0.023411371237458192,3861.628277043396,False,False,,0.38730574236558307,0.8518747731321805,0.5147030512750097,0.217966504586093,0.8486033341334269,0.3174121625426627,-0.19729088873234701
topology_17_prestress,amp=1,sample_4,7,1,5,1,"[0, 1, 2, 3, 4, 5, 6, 7]","[5, 6, 7, 8, 9, 10, 11, 12]",8,299,299,0.026755852842809364,5049.74434914691,False,False,,0.3868815449795208,0.8274042897922826,0.5076847162755767,0.21710826147994575,0.844577822419208,0.31605447015620475,-0.1916302461193719
topology_17_prestress,amp=1,sample_4,8,1,5,1,"[0, 1, 2, 3, 4, 5, 6, 7, 8]","[5, 6, 7, 8, 9, 10, 11, 12, 13]",9,299,299,0.030100334448160536,6178.774712110642,False,False,,0.3802847005241668,0.8214665448510837,0.50126861461375,0.2121107967832314,0.8563508211871043,0.313701554105138,-0.18756706050861205
topology_17_prestress,amp=1,sample_4,9,1,5,1,"[0, 1, 2, 3, 4, 5, 6, 7, 8, 9]","[5, 6, 7, 8, 9, 10, 11, 12, 13, 14]",10,299,299,0.033444816053511704,7180.417904235131,False,False,,0.37943611066884064,0.8022478563661907,0.4953824502004603,0.21116073985120815,0.8688044729784891,0.31486513940047134,-0.18051731079998895
topology_17_prestress,amp=1,sample_4,10,1,5,1,"[0, 1, 2, 3, 4, 5, 6, 7, 8, 9, 10]","[5, 6, 7, 8, 9, 10, 11, 12, 13, 14, 15]",11,299,299,0.03678929765886288,8055.573115575138,False,False,,0.3792670187715139,0.8020321538311692,0.49520057641407983,0.21154016171822884,0.86909909192451,0.31523118862276145,-0.17996938779131838
topology_17_prestress,amp=1,sample_4,11,1,5,1,"[0, 1, 2, 3, 4, 5, 6, 7, 8, 9, 10, 11]","[5, 6, 7, 8, 9, 10, 11, 12, 13, 14, 15, 16]",12,299,299,0.04013377926421405,8936.783977574716,False,False,,0.3775163980720464,0.7885922192469746,0.49024443181334304,0.21062187013189446,0.8715545502488318,0.31484490652893804,-0.175399525284405
topology_17_prestress,amp=1,sample_4,12,1,5,1,"[0, 1, 2, 3, 4, 5, 6, 7, 8, 9, 10, 11, 12]","[5, 6, 7, 8, 9, 10, 11, 12, 13, 14, 15, 16, 17]",13,299,299,0.043478260869565216,9784.195470476365,False,False,,0.37551018170456235,0.7742278888603407,0.484849288580378,0.2091251299849105,0.8716789115450929,0.31360379924715415,-0.17124548933322387
topology_17_prestress,amp=1,sample_4,13,1,5,1,"[0, 1, 2, 3, 4, 5, 6, 7, 8, 9, 10, 11, 12, 13]","[5, 6, 7, 8, 9, 10, 11, 12, 13, 14, 15, 16, 17, 18]",14,299,299,0.046822742474916385,10723.09641403425,False,False,,0.3749133364578981,0.7725146744172752,0.483946304908739,0.21121964904957444,0.8773097022561884,0.3162559559950547,-0.16769034891368434
topology_17_prestress,amp=1,sample_4,14,1,5,1,"[0, 1, 2, 3, 4, 5, 6, 7, 8, 9, 10, 11, 12, 13, 14]","[5, 6, 7, 8, 9, 10, 11, 12, 13, 14, 15, 16, 17, 18, 19]",15,299,299,0.05016722408026756,11736.03105252541,False,False,,0.3737740384305487,0.7393587800479788,0.47402719603676025,0.21407786944981974,0.8872973629906282,0.32023842390460733,-0.15378877213215292
topology_17_prestress,amp=1,sample_4,15,1,5,1,"[0, 1, 2, 3, 4, 5, 6, 7, 8, 9, 10, 11, 12, 13, 14, 15]","[5, 6, 7, 8, 9, 10, 11, 12, 13, 14, 15, 16, 17, 18, 19, 20]",16,299,299,0.05351170568561873,12686.495945285782,False,False,,0.3734081730031218,0.7376070112021693,0.4732812786596396,0.21506650834531127,0.8861619574697812,0.3208921204297599,-0.1523891582298797
topology_17_prestress,amp=1,sample_4,0,2,5,1,[0],[5],2,299,299,0.006688963210702341,1.9950651486476056,False,False,,0.43304717429865286,0.9561071738890391,0.5764842782227403,0.2428057406852287,0.8624678238935098,0.340520781558466,-0.2359634966642743
topology_17_prestress,amp=1,sample_4,1,2,5,1,"[0, 1]","[5, 6]",5,299,299,0.016722408026755852,12441.501028108554,False,False,,0.41773306690231937,0.9453586625492966,0.5624221799201202,0.241400571974236,0.8599985156683203,0.33894780778251526,-0.22347437213760496
topology_17_prestress,amp=1,sample_4,2,2,5,1,"[0, 1, 2]","[5, 6, 7]",9,299,299,0.030100334448160536,228511.37405462153,False,False,,0.40327818414257594,0.9084588517189663,0.5418122948991622,0.23036517910768758,0.8409716575504002,0.32665223396438786,-0.2151600609347743
topology_17_prestress,amp=1,sample_4,3,2,5,1,"[0, 1, 2, 3]","[5, 6, 7, 8]",14,299,299,0.046822742474916385,1386250.7952194696,False,False,,0.3941742607718262,0.8802505931301576,0.5274694495725771,0.23483756314414886,0.85997760146668,0.3334164274179064,-0.19405302215467074
topology_17_prestress,amp=1,sample_4,4,2,5,1,"[0, 1, 2, 3, 4]","[5, 6, 7, 8, 9]",20,299,299,0.06688963210702341,4489902.8320880635,False,False,,0.3772692788591163,0.8579841573582182,0.5090942129759062,0.244646839236495,0.8593471199777264,0.341579449259094,-0.16751476371681218
topology_17_prestress,amp=1,sample_4,5,2,5,1,"[0, 1, 2, 3, 4, 5]","[5, 6, 7, 8, 9, 10]",27,299,299,0.0903010033444816,9005739.430525575,False,False,,0.3620421770748541,0.8104533394854562,0.485008564399022,0.25081540509586897,0.9386242322154632,0.3592765639697351,-0.1257320004292869
topology_17_prestress,amp=1,sample_4,6,2,5,1,"[0, 1, 2, 3, 4, 5, 6]","[5, 6, 7, 8, 9, 10, 11]",35,299,299,0.11705685618729098,19133810.494217563,False,False,,0.35459989500614686,0.7907961640267022,0.4742166304089636,0.24968203238892056,0.9456764698410499,0.35943398711731894,-0.11478264329164467
topology_17_prestress,amp=1,sample_4,7,2,5,1,"[0, 1, 2, 3, 4, 5, 6, 7]","[5, 6, 7, 8, 9, 10, 11, 12]",44,299,299,0.14715719063545152,34916740.780948654,False,False,,0.348187788244201,0.7523710055558774,0.4590256848360026,0.24925653073833495,0.9294081046317163,0.3565102108390897,-0.10251547399691291
topology_17_prestress,amp=1,sample_4,8,2,5,1,"[0, 1, 2, 3, 4, 5, 6, 7, 8]","[5, 6, 7, 8, 9, 10, 11, 12, 13]",54,299,299,0.1806020066889632,54414933.77506637,False,False,,0.33094714469608016,0.7093906074569762,0.43472650909009947,0.2518359069146459,0.990697355477751,0.36834759708003484,-0.06637891201006463
topology_17_prestress,amp=1,sample_4,9,2,5,1,"[0, 1, 2, 3, 4, 5, 6, 7, 8, 9]","[5, 6, 7, 8, 9, 10, 11, 12, 13, 14]",65,299,299,0.21739130434782608,73755745.82356063,False,False,,0.3183361231377882,0.6864682668586286,0.4192878468368562,0.25823444472933066,0.9991806246434501,0.37507487795435523,-0.04421296888250098
topology_17_prestress,amp=1,sample_4,10,2,5,1,"[0, 1, 2, 3, 4, 5, 6, 7, 8, 9, 10]","[5, 6, 7, 8, 9, 10, 11, 12, 13, 14, 15]",77,299,299,0.25752508361204013,125613283.390677,False,False,,0.30690405333237986,0.6637002307888971,0.4047471505403972,0.2708660838734781,1.0322218563675285,0.3909249231091282,-0.01382222743126904
topology_17_prestress,amp=1,sample_4,11,2,5,1,"[0, 1, 2, 3, 4, 5, 6, 7, 8, 9, 10, 11]","[5, 6, 7, 8, 9, 10, 11, 12, 13, 14, 15, 16]",90,299,299,0.3010033444816054,965031134.9261403,False,False,,0.2759925439339121,0.6249953093196253,0.3716984781816599,0.30427179767775786,1.1677731289212852,0.44043805693908966,0.06873957875742975
topology_17_prestress,amp=1,sample_4,12,2,5,1,"[0, 1, 2, 3, 4, 5, 6, 7, 8, 9, 10, 11, 12]","[5, 6, 7, 8, 9, 10, 11, 12, 13, 14, 15, 16, 17]",104,299,299,0.34782608695652173,1015819311.4185246,False,False,,0.25466544918827705,0.5820728163089826,0.34444934507016717,0.32361669012302735,1.215372624390897,0.46423844176350565,0.11978909669333848
topology_17_prestress,amp=1,sample_4,13,2,5,1,"[0, 1, 2, 3, 4, 5, 6, 7, 8, 9, 10, 11, 12, 13]","[5, 6, 7, 8, 9, 10, 11, 12, 13, 14, 15, 16, 17, 18]",119,299,299,0.3979933110367893,530120069.33438015,False,False,,0.23893348939679795,0.5244582433052213,0.3172320475571123,0.37029704755975135,1.371279758804213,0.5281428625501449,0.21091081499303255
topology_17_prestress,amp=1,sample_4,14,2,5,1,"[0, 1, 2, 3, 4, 5, 6, 7, 8, 9, 10, 11, 12, 13, 14]","[5, 6, 7, 8, 9, 10, 11, 12, 13, 14, 15, 16, 17, 18, 19]",135,299,299,0.451505016722408,23056879381.41738,False,False,,0.22931168832879636,0.49056614422648165,0.3009546787516411,0.4113132725342453,1.5898030188758758,0.5971503228443844,0.2961956440927433
topology_17_prestress,amp=1,sample_4,15,2,5,1,"[0, 1, 2, 3, 4, 5, 6, 7, 8, 9, 10, 11, 12, 13, 14, 15]","[5, 6, 7, 8, 9, 10, 11, 12, 13, 14, 15, 16, 17, 18, 19, 20]",152,299,299,0.5083612040133779,26755835563.334835,False,False,,0.21423944421948712,0.44280978942547494,0.27691957343019047,0.42430159879327656,1.9366993089996054,0.6627928798867626,0.38587330645657214
topology_17_prestress,amp=1,sample_4,0,3,5,1,[0],[5],3,299,299,0.010033444816053512,26.512468281789044,False,False,,0.4325640331368362,0.9559504616059107,0.5760906526289906,0.26276957873975465,0.8477697858046155,0.3550187588868335,-0.22107189374215713
topology_17_prestress,amp=1,sample_4,1,3,5,1,"[0, 1]","[5, 6]",9,299,299,0.030100334448160536,11309753.874566555,False,False,,0.4140631644732355,0.938619856017979,0.5579107015399217,0.2779713105590112,0.8707863696486128,0.37145282136776664,-0.1864578801721551
topology_17_prestress,amp=1,sample_4,2,3,5,1,"[0, 1, 2]","[5, 6, 7]",19,299,299,0.06354515050167224,63493117.650057875,False,False,,0.39211930716314536,0.8860089771350046,0.5275571230432818,0.28156054984516005,0.8708245849220136,0.37448209665748833,-0.1530750263857935
topology_17_prestress,amp=1,sample_4,3,3,5,1,"[0, 1, 2, 3]","[5, 6, 7, 8]",34,299,299,0.11371237458193979,393586687.3877315,False,False,,0.35899913304424147,0.8039306065021183,0.4810112961755318,0.3144824581678613,0.9474285832061307,0.41429227089426457,-0.06671902528126722
topology_17_prestress,amp=1,sample_4,4,3,5,1,"[0, 1, 2, 3, 4]","[5, 6, 7, 8, 9]",55,299,299,0.18394648829431437,185553841.80194116,False,False,,0.3179866856247202,0.7401359811334325,0.4337513635178537,0.3798376280003894,0.9064095998845105,0.4628732100533629,0.0291218465355092
topology_17_prestress,amp=1,sample_4,5,3,5,1,"[0, 1, 2, 3, 4, 5]","[5, 6, 7, 8, 9, 10]",83,299,299,0.27759197324414714,937677357.8259866,False,False,,0.2764248016408927,0.6294849851327384,0.37324338893610826,0.5183502915678363,1.2816036277924046,0.6387083592418754,0.26546497030576716
topology_17_prestress,amp=1,sample_4,6,3,5,1,"[0, 1, 2, 3, 4, 5, 6]","[5, 6, 7, 8, 9, 10, 11]",119,299,299,0.3979933110367893,764035935.1073459,False,False,,0.2344479036842503,0.5561483545527857,0.3226668098131679,0.6212709793231316,1.4107306993374538,0.7457615539433714,0.4230947441302035
topology_17_prestress,amp=1,sample_4,7,3,5,1,"[0, 1, 2, 3, 4, 5, 6, 7]","[5, 6, 7, 8, 9, 10, 11, 12]",164,299,299,0.5484949832775919,2428908972.216369,False,False,,0.18543022646772594,0.36156895747644774,0.233732198487265,0.6582455022425763,1.9755016954275704,0.8659647515650047,0.6322325530777397
topology_17_prestress,amp=1,sample_4,8,3,5,1,"[0, 1, 2, 3, 4, 5, 6, 7, 8]","[5, 6, 7, 8, 9, 10, 11, 12, 13]",219,299,299,0.7324414715719063,5145335948.899441,False,False,,0.1082978967370079,0.2400544951550268,0.14442909567167986,0.9753656629103764,2.799864220073914,1.263072391976891,1.118643296305211
topology_17_prestress,amp=1,sample_4,9,3,5,1,"[0, 1, 2, 3, 4, 5, 6, 7, 8, 9]","[5, 6, 7, 8, 9, 10, 11, 12, 13, 14]",285,299,299,0.9531772575250836,26267284642.62472,True,False,,0.055248037518184204,0.13883277129882812,0.07816921702942621,1.6837265479906938,4.00648687731273,2.0500045996399296,1.9718353826105035
topology_17_prestress,amp=1,sample_4,10,3,5,1,"[0, 1, 2, 3, 4, 5, 6, 7, 8, 9, 10]","[5, 6, 7, 8, 9, 10, 11, 12, 13, 14, 15]",363,299,299,1.214046822742475,15470703938.399525,True,False,,0.00960718881334463,0.013278551772735741,0.010613975168182738,4.876249004652065,10.305592573451687,5.7324068092304925,5.72179283406231
topology_17_prestress,amp=1,sample_4,11,3,5,1,"[0, 1, 2, 3, 4, 5, 6, 7, 8, 9, 10, 11]","[5, 6, 7, 8, 9, 10, 11, 12, 13, 14, 15, 16]",454,299,299,1.5183946488294315,19230055978.99076,True,False,,0.0004554165971795481,0.0006268365436497699,0.0005024245517082173,6.723331538846295,18.830379146734394,8.632502172191893,8.631999747640185
topology_17_prestress,amp=1,sample_4,12,3,5,1,"[0, 1, 2, 3, 4, 5, 6, 7, 8, 9, 10, 11, 12]","[5, 6, 7, 8, 9, 10, 11, 12, 13, 14, 15, 16, 17]",559,299,299,1.8695652173913044,224964405580.21094,True,False,,1.1335186973445038e-05,1.2660119048796406e-05,1.169851894288135e-05,6.978769961652255,14.515143238730575,8.167187072786273,8.16717537426733
topology_17_prestress,amp=1,sample_4,13,3,5,1,"[0, 1, 2, 3, 4, 5, 6, 7, 8, 9, 10, 11, 12, 13]","[5, 6, 7, 8, 9, 10, 11, 12, 13, 14, 15, 16, 17, 18]",679,299,299,2.270903010033445,157514791458.1778,True,False,,1.0116886344236366e-06,1.0947862572218626e-06,1.034476235017235e-06,5.3334831383649,15.465571278155007,6.931220733643989,6.9312196991677535
topology_17_prestress,amp=1,sample_4,14,3,5,1,"[0, 1, 2, 3, 4, 5, 6, 7, 8, 9, 10, 11, 12, 13, 14]","[5, 6, 7, 8, 9, 10, 11, 12, 13, 14, 15, 16, 17, 18, 19]",815,299,299,2.725752508361204,116393020669.16545,True,False,,1.679035706514784e-07,1.4971566007047293e-07,1.6291595695092262e-07,4.767773517868627,12.247530510888264,5.947262759021905,5.947262596105948
topology_17_prestress,amp=1,sample_4,15,3,5,1,"[0, 1, 2, 3, 4, 5, 6, 7, 8, 9, 10, 11, 12, 13, 14, 15]","[5, 6, 7, 8, 9, 10, 11, 12, 13, 14, 15, 16, 17, 18, 19, 20]",968,299,299,3.237458193979933,242372032088.3958,True,False,,2.377603721347562e-08,1.862396007022878e-08,2.236319924995416e-08,5.2681935196327645,12.704422722898977,6.440818826602983,6.440818804239783
