sample,Q_extra,D,horizon_steps,lag_stride_frames,target_delay_frames_min,target_delay_frames_max,target_delay_set_frames,max_lag_frames,number_of_terms,status,selected_alpha,min_cv_train_rows,window_rows,terms_per_min_cv_train_row,train_nmse_x_mean,train_nmse_x_std,val_nmse_x_mean,val_nmse_x_std,train_nmse_y_mean,train_nmse_y_std,val_nmse_y_mean,val_nmse_y_std,train_nmse_2d_mean,train_nmse_2d_std,val_nmse_2d_mean,val_nmse_2d_std,train_val_gap_2d
sample_0,0,1,5,1,5,5,[5],0,1,ok,0.0001,449,599,0.0022271714922048997,0.31226187367782926,0.04335544526709742,0.4094516899538311,0.12676664529757517,0.548651148015511,0.04965914940277587,0.6188833793037485,0.10711427030423619,0.32000883208738284,0.043879842997367,0.41721510811547957,0.12567505098916268,0.09720627602809673
sample_0,1,1,5,1,5,6,"[5, 6]",1,2,ok,0.01,448,598,0.004464285714285714,0.30622862218725616,0.043337891755161825,0.4042916967580813,0.12734044297195737,0.5292111057210199,0.04685434799662745,0.6001966827522174,0.1001187534279554,0.31352997337695193,0.04376765190258665,0.41151195181616185,0.1261596194073575,0.09798197843920992
sample_0,2,1,5,1,5,7,"[5, 6, 7]",2,3,ok,0.01,447,597,0.006711409395973154,0.30588439939806933,0.043226475721885836,0.4038940746492467,0.12562034650127146,0.49873023270398953,0.044546344432108385,0.568497875459945,0.09820820901187745,0.31219156608969073,0.04353504376284729,0.4099069432536292,0.12451729591839676,0.09771537716393847
sample_0,3,1,5,1,5,8,"[5, 6, 7, 8]",3,4,ok,0.01,447,596,0.008948545861297539,0.30532363431301374,0.04297540176410469,0.4033835580378236,0.12514596969402897,0.49476537647895646,0.04353111543109368,0.5678314259884472,0.09616311551762975,0.3115205392412741,0.04325020992519121,0.4094201187602148,0.12393261095147663,0.09789957951894068
sample_0,4,1,5,1,5,9,"[5, 6, 7, 8, 9]",4,5,ok,0.01,446,595,0.011210762331838564,0.30448148324457913,0.0439508689494129,0.4054391668269411,0.12852349241533478,0.4902758783052412,0.040885629677680786,0.5650150385638847,0.08906999547165918,0.31055168676356604,0.044111406773329254,0.411239000500046,0.12702021085760984,0.10068731373647999
sample_0,5,1,5,1,5,10,"[5, 6, 7, 8, 9, 10]",5,6,ok,0.01,445,594,0.01348314606741573,0.30133373363116633,0.04260190278739368,0.401412586461927,0.12436541441100882,0.4878097037783929,0.039605267812459065,0.5628848478166818,0.08665020037137168,0.3074220672638067,0.04275343184461437,0.4072571178286399,0.12280251201660965,0.09983505056483316
sample_0,6,1,5,1,5,11,"[5, 6, 7, 8, 9, 10, 11]",6,7,ok,0.01,444,593,0.015765765765765764,0.30127938626795914,0.04256276619700336,0.4015545444778357,0.12379324794476443,0.48345666481349325,0.03815012635393498,0.5591379898166178,0.08383718145443335,0.30722123588795003,0.04262815339851319,0.4072375711551159,0.12198254723422061,0.10001633526716586
sample_0,7,1,5,1,5,12,"[5, 6, 7, 8, 9, 10, 11, 12]",7,8,ok,0.01,444,592,0.018018018018018018,0.2998221980991381,0.042130968339943384,0.3991040705023797,0.1222221607426228,0.48108429958337817,0.037340277183688826,0.5561973095305838,0.08168992070870079,0.3057327113671082,0.04218182092553273,0.40475928655745474,0.1204362205210382,0.09902657519034652
sample_0,8,1,5,1,5,13,"[5, 6, 7, 8, 9, 10, 11, 12, 13]",8,9,ok,0.01,443,591,0.020316027088036117,0.29914129060259037,0.04219482995410478,0.3978592204614904,0.121072674457686,0.48107403760287737,0.03883181126319449,0.5570366769849097,0.08670454542695064,0.30507672743842923,0.042311782572791806,0.4036230320989562,0.11959796762026575,0.098546304660527
sample_0,9,1,5,1,5,14,"[5, 6, 7, 8, 9, 10, 11, 12, 13, 14]",9,10,ok,0.01,442,590,0.02262443438914027,0.29829050084096626,0.04158133108551796,0.39716268438412844,0.11996964261790224,0.4804230085250968,0.038838410751987656,0.5585209663396629,0.08741058106298062,0.30423496230344604,0.04171782213527775,0.40301552587368306,0.1185549356078996,0.09878056357023701
sample_0,10,1,5,1,5,15,"[5, 6, 7, 8, 9, 10, 11, 12, 13, 14, 15]",10,11,ok,0.01,441,589,0.024943310657596373,0.29551550225937573,0.041118058452538436,0.3941068950615053,0.11927354103951975,0.4790247009921301,0.03809101880573013,0.5569143513734058,0.0856342329807768,0.30150531115434764,0.041245769897353644,0.40001051715036373,0.11784084957738601,0.09850520599601609
sample_0,0,2,5,1,5,5,[5],0,2,ok,1.0,449,599,0.004454342984409799,0.31179094435609916,0.04334521476757261,0.4119030057312659,0.12598466973776,0.5484846918233018,0.04966390598309941,0.6197241521514395,0.10663440001428975,0.319547590021454,0.04387269893262627,0.4196022185436472,0.124909066579621,0.10005462852219321
sample_0,1,2,5,1,5,6,"[5, 6]",1,5,ok,0.01,448,598,0.011160714285714286,0.3038215912166677,0.043588406966070734,0.40875359816859885,0.12755974241187068,0.5245689788670027,0.04816019351609889,0.6003320644516923,0.10544786135449982,0.31105114651287774,0.04403304137696743,0.4158193345692149,0.1264163484748741,0.10476818805633714
sample_0,2,2,5,1,5,7,"[5, 6, 7]",2,9,ok,0.01,447,597,0.020134228187919462,0.30219634769001946,0.043754187430107117,0.4098517637240198,0.12651875959462694,0.48918594060743303,0.046926954082508736,0.5685811706031876,0.1086605316730259,0.3083146376108798,0.04409630950194478,0.4156629547312324,0.12557643722880363,0.10734831712035259
sample_0,3,2,5,1,5,8,"[5, 6, 7, 8]",3,14,ok,0.01,447,596,0.03131991051454139,0.3010357674663361,0.04376605347062465,0.41418562108883333,0.1292110845488849,0.4747900953333821,0.04545269700645697,0.5626759996533417,0.10662213623643116,0.3067197950363647,0.044057075480436275,0.419613042484741,0.12833663533680476,0.11289324744837631
sample_0,4,2,5,1,5,9,"[5, 6, 7, 8, 9]",4,20,ok,1.0,446,595,0.04484304932735426,0.3027672649395854,0.04449758388819387,0.4174885268794239,0.12803595480887248,0.4916583513789884,0.043523564141724896,0.5808248441530214,0.0992411174345818,0.30894215789861057,0.04475854839246545,0.42346557322289735,0.12716185192259088,0.11452341532428678
sample_0,5,2,5,1,5,10,"[5, 6, 7, 8, 9, 10]",5,27,ok,1.0,445,594,0.060674157303370786,0.300687648297923,0.043713384000021616,0.42105023573589917,0.12856659622583927,0.4758800586705393,0.0432934892107107,0.570984573746175,0.10130122913780967,0.3064095946862143,0.04395137561139548,0.42649501235061477,0.12768951073888646,0.12008541766440045
sample_0,6,2,5,1,5,11,"[5, 6, 7, 8, 9, 10, 11]",6,35,ok,1.0,444,593,0.07882882882882883,0.29960891293459957,0.04333205365886667,0.4243151561649343,0.12661992410403936,0.47115927217942855,0.0425886983012506,0.571149734556124,0.10085597517607035,0.30520805097637477,0.0435217021835092,0.42965537089338035,0.12574014144057158,0.12444731991700558
sample_0,7,2,5,1,5,12,"[5, 6, 7, 8, 9, 10, 11, 12]",7,44,ok,1.0,444,592,0.0990990990990991,0.29732746766453644,0.04208833506111487,0.4251577123014846,0.12485907019543717,0.4507770071171938,0.04050722541024935,0.5534358452178643,0.0948891539750272,0.30232565872492595,0.04217000870567319,0.42970858218614544,0.12386736993497263,0.1273829234612195
sample_0,8,2,5,1,5,13,"[5, 6, 7, 8, 9, 10, 11, 12, 13]",8,54,ok,1.0,443,591,0.12189616252821671,0.2947945642373422,0.04137261076292278,0.41988339006772246,0.1204827471286112,0.44792982782994506,0.04163602959718627,0.5512499399550634,0.09796661043237824,0.29978758689017326,0.0415430233672577,0.42458330625700236,0.119821787769887,0.1247957193668291
sample_0,9,2,5,1,5,14,"[5, 6, 7, 8, 9, 10, 11, 12, 13, 14]",9,65,ok,1.0,442,590,0.14705882352941177,0.2924561134193917,0.04093528145587058,0.4199608725114187,0.11766527305117698,0.4384563314461439,0.04014334017952718,0.547282439640356,0.09730841822154955,0.29721241148912114,0.041048107205237536,0.42448118474916524,0.11713285263786886,0.1272687732600441
sample_0,10,2,5,1,5,15,"[5, 6, 7, 8, 9, 10, 11, 12, 13, 14, 15]",10,77,ok,1.0,441,589,0.1746031746031746,0.28805738646462276,0.040364053089445386,0.4208412657749016,0.11460380429921553,0.432615673646569,0.03931378706021459,0.5502202226702207,0.09540518825367945,0.29276470826834655,0.04044196527796615,0.4254103312226475,0.11409325070325133,0.13264562295430093
sample_1,0,1,5,1,5,5,[5],0,1,ok,0.0001,449,599,0.0022271714922048997,0.31386685075463383,0.04386583697610962,0.4098296632846142,0.12590489888134399,0.5314728335573824,0.045071453854502154,0.6057960329128506,0.10559982216250859,0.32126385836870186,0.044278792427249504,0.41729967052903433,0.12488664236090577,0.09603581216033247
sample_1,1,1,5,1,5,6,"[5, 6]",1,2,ok,0.01,448,598,0.004464285714285714,0.3078357923229098,0.04374471062669481,0.4041990799961265,0.12619059245468625,0.5121664593642993,0.043370147291359344,0.5882973828157873,0.10137713740794957,0.3147736901005972,0.044091570197813235,0.4111868829064953,0.1252112995367228,0.0964131928058981
sample_1,2,1,5,1,5,7,"[5, 6, 7]",2,3,ok,0.01,447,597,0.006711409395973154,0.3075144048022959,0.043647098091188566,0.4039263074080892,0.12504658647700737,0.4818031993439063,0.04144508029508096,0.5559479765851562,0.09604367059862501,0.3134239811051702,0.04386658578089953,0.40966584142489937,0.12413891837759783,0.09624186031972914
sample_1,3,1,5,1,5,8,"[5, 6, 7, 8]",3,4,ok,0.01,447,596,0.008948545861297539,0.3071107330274991,0.04340018606422015,0.40376951830681873,0.12452771380595783,0.4790510575581234,0.040765366911413595,0.5559732828222589,0.09595843161926604,0.312942762555322,0.04360329188274938,0.4095336975506274,0.12353222640454053,0.09659093499530541
sample_1,4,1,5,1,5,9,"[5, 6, 7, 8, 9]",4,5,ok,0.01,446,595,0.011210762331838564,0.3061921008921155,0.044289656707008455,0.40553196986684337,0.12700110219402244,0.47399659729322396,0.038012285397896854,0.5516396945710862,0.08707257870280877,0.31187375450090926,0.044358243527250145,0.411007766483719,0.12566988437325435,0.09913401198280974
sample_1,5,1,5,1,5,10,"[5, 6, 7, 8, 9, 10]",5,6,ok,0.01,445,594,0.01348314606741573,0.30302567522855345,0.042761172044104005,0.40155383415085527,0.1226526312546559,0.47186971482549667,0.03676058910314102,0.5501193061305358,0.08422888768637384,0.3087394872381053,0.042844821827824786,0.4071099545896323,0.12139167189173222,0.09837046735152699
sample_1,6,1,5,1,5,11,"[5, 6, 7, 8, 9, 10, 11]",6,7,ok,0.01,444,593,0.015765765765765764,0.3029861583449158,0.04276244213142141,0.40184600753592614,0.12271107713593012,0.46767540475763925,0.03497280768023637,0.5459071264489489,0.07720446670450833,0.3085524872582321,0.04274035699997629,0.407209484067696,0.12109526891199707,0.09865699680946394
sample_1,7,1,5,1,5,12,"[5, 6, 7, 8, 9, 10, 11, 12]",7,8,ok,0.01,444,592,0.018018018018018018,0.30133829715189014,0.04238431076648515,0.3991347203259242,0.1212072072058011,0.46464919068259186,0.03411086463875294,0.5419557451029394,0.07379426301102704,0.30685509909739983,0.04233671125189294,0.4044333066357982,0.11958302807522438,0.09757820753839835
sample_1,8,1,5,1,5,13,"[5, 6, 7, 8, 9, 10, 11, 12, 13]",8,9,ok,0.01,443,591,0.020316027088036117,0.30061041277761535,0.042648124635941205,0.39840539424561794,0.12128042437397499,0.46455605076327583,0.035573493778464235,0.5430574707360889,0.07996460304512099,0.3061523659437997,0.04265832005841778,0.403800848936666,0.11991499731907142,0.09764848299286633
sample_1,9,1,5,1,5,14,"[5, 6, 7, 8, 9, 10, 11, 12, 13, 14]",9,10,ok,0.01,442,590,0.02262443438914027,0.29989116767676627,0.04206231716905308,0.3973916256284316,0.1194657051891775,0.463785477285607,0.03541683931649342,0.5445046316632169,0.08093304762158544,0.305432484488127,0.0420894775541532,0.40288449838607127,0.11819399180155432,0.09745201389794428
sample_1,10,1,5,1,5,15,"[5, 6, 7, 8, 9, 10, 11, 12, 13, 14, 15]",10,11,ok,0.01,441,589,0.024943310657596373,0.2968947594401251,0.04143551222057264,0.39411063335204244,0.1184322409109636,0.462017085138793,0.03429998652864001,0.5428216473477386,0.0772640398780729,0.30247768936121744,0.041443767468197924,0.39964899532328474,0.11710765246161163,0.0971713059620673
sample_1,0,2,5,1,5,5,[5],0,2,ok,1.0,449,599,0.004454342984409799,0.31341382028440395,0.04389706133257077,0.4120885943395636,0.12535010638596306,0.5312940705899967,0.045065207416978594,0.6065959060709631,0.10551874338989473,0.3208199207851141,0.044309995550772314,0.41950476376583656,0.12433690954063514,0.09868484298072244
sample_1,1,2,5,1,5,6,"[5, 6]",1,5,ok,0.01,448,598,0.011160714285714286,0.30545203083820943,0.04401099679055151,0.4083318287421703,0.12676815509586148,0.5083187527027634,0.04427746468278276,0.5892029147155687,0.10435780397229688,0.31234214488928136,0.044367884842060626,0.41520656052779287,0.12579716943438893,0.10286441563851151
sample_1,2,2,5,1,5,7,"[5, 6, 7]",2,9,ok,0.01,447,597,0.020134228187919462,0.3038412172147368,0.044207843490938786,0.4094675429506144,0.12637060804981118,0.47344684958799155,0.04350557363953699,0.5569905421903154,0.10288523501485664,0.30959600073336535,0.04446497105253534,0.4150582426328462,0.12558828342332762,0.10546224189948084
sample_1,3,2,5,1,5,8,"[5, 6, 7, 8]",3,14,ok,1.0,447,596,0.03131991051454139,0.30575147036463424,0.04440626711914255,0.4136734945907295,0.12537179749363933,0.484915100492308,0.043911134161221624,0.5703684726233844,0.10097109458649428,0.3118329107142034,0.04472205854478113,0.4196029758603919,0.12461112781234905,0.10777006514618853
sample_1,4,2,5,1,5,9,"[5, 6, 7, 8, 9]",4,20,ok,1.0,446,595,0.04484304932735426,0.30433288464947367,0.045044668373315305,0.4174320941509479,0.12787147983878763,0.47542707940619433,0.04046576362738266,0.5667297471742528,0.09709174778334989,0.3101295373968342,0.04519909163806692,0.42304766381772224,0.12693990672894082,0.11291812642088805
sample_1,5,2,5,1,5,10,"[5, 6, 7, 8, 9, 10]",5,27,ok,1.0,445,594,0.060674157303370786,0.30213763268883004,0.04416486563704308,0.4211301917318636,0.1284616911056112,0.4599483516828342,0.04050048369116476,0.5572418540632623,0.09830007227948345,0.30747938133834307,0.0443132745390275,0.4262345413304523,0.12761479455272803,0.11875515999210923
sample_1,6,2,5,1,5,11,"[5, 6, 7, 8, 9, 10, 11]",6,35,ok,1.0,444,593,0.07882882882882883,0.3009700992088471,0.0437914936725415,0.42456410331017,0.12703523738858222,0.45497658515956185,0.03989025731440586,0.557781943591787,0.09765875111438038,0.306179759546921,0.04388931752986033,0.4295697926254196,0.12617185322411315,0.1233900330784986
sample_1,7,2,5,1,5,12,"[5, 6, 7, 8, 9, 10, 11, 12]",7,44,ok,1.0,444,592,0.0990990990990991,0.298669148604481,0.04254945315767485,0.42546839015356486,0.12528848709762452,0.43496572000927014,0.03851600123525,0.5380169894440832,0.0895711288199413,0.30326930290101883,0.042545294350292494,0.429619892107968,0.12431850333110457,0.1263505892069492
sample_1,8,2,5,1,5,13,"[5, 6, 7, 8, 9, 10, 11, 12, 13]",8,54,ok,1.0,443,591,0.12189616252821671,0.29600669906295585,0.041848034492800334,0.4197918362322113,0.12091033164643764,0.43209004767896386,0.039362276472245564,0.5350470302328498,0.09321251540824096,0.3006053905343742,0.041924957092415595,0.42407591968631697,0.12025383680733899,0.12347052915194279
sample_1,9,2,5,1,5,14,"[5, 6, 7, 8, 9, 10, 11, 12, 13, 14]",9,65,ok,1.0,442,590,0.14705882352941177,0.29385613544544653,0.04146161192036965,0.4194954244234595,0.11759693320137006,0.4233687853571048,0.038007545969710316,0.5347065255732266,0.09073754602258942,0.29822635040149237,0.04147835209964777,0.4237405564637433,0.1170915085973024,0.12551420606225094
sample_1,10,2,5,1,5,15,"[5, 6, 7, 8, 9, 10, 11, 12, 13, 14, 15]",10,77,ok,1.0,441,589,0.1746031746031746,0.28918922471152064,0.040845494487380965,0.4201601395821797,0.1140425534240324,0.41766035052923506,0.03687863035633716,0.537801708797591,0.08576203772544096,0.29352209796781314,0.04081521357334348,0.4244686059294155,0.11353716690327141,0.13094650796160234
sample_2,0,1,5,1,5,5,[5],0,1,ok,1e-10,449,599,0.0022271714922048997,0.31222071217478764,0.04363554126839875,0.4059382105274669,0.12275132264513745,0.5419112091878951,0.048382946803729746,0.6239672162737454,0.12001112390474958,0.31978906447139693,0.04419685151823538,0.41404058573719305,0.12263939089004823,0.09425152126579611
sample_2,1,1,5,1,5,6,"[5, 6]",1,2,ok,0.01,448,598,0.004464285714285714,0.3065558243150259,0.04361128528093719,0.4012737079560661,0.12278514679799794,0.522521558554848,0.045886520242579186,0.6044907108079179,0.1139529278537557,0.31366694669948547,0.04407361512058975,0.4088052235994145,0.12255532855510871,0.09513827689992904
sample_2,2,1,5,1,5,7,"[5, 6, 7]",2,3,ok,0.01,447,597,0.006711409395973154,0.30620347870476367,0.0435061273531109,0.4006864477307389,0.1211421778961403,0.48877903078735646,0.04381549140495978,0.5679521740631885,0.10856517113632969,0.31220771861101826,0.04383831354178198,0.4068648037761915,0.12094129625883872,0.09465708516517324
sample_2,3,1,5,1,5,8,"[5, 6, 7, 8]",3,4,ok,0.01,447,596,0.008948545861297539,0.30553202485217984,0.043211337576907344,0.3999820056484767,0.12056884311260146,0.4841218322708859,0.04286997015967143,0.5667169310087895,0.10799799582997167,0.3114065908831093,0.04351206554322486,0.4061658955738434,0.12025153593904601,0.09475930469073413
sample_2,4,1,5,1,5,9,"[5, 6, 7, 8, 9]",4,5,ok,0.01,446,595,0.011210762331838564,0.3046761246733154,0.04424608298158881,0.4018392557791448,0.12460810751144352,0.47866462671753773,0.03977669562627827,0.5632660265011329,0.10010376694856632,0.31038832609993877,0.04440747703596966,0.40777496907695426,0.12393795013779972,0.09738664297701549
sample_2,5,1,5,1,5,10,"[5, 6, 7, 8, 9, 10]",5,6,ok,0.01,445,594,0.01348314606741573,0.30150667674673615,0.04332061394697124,0.39818952186868517,0.12159287461942214,0.4759776050944795,0.0384768219450054,0.5610075242273233,0.09496854683476152,0.30723089684966426,0.04346023438695597,0.4041624768165065,0.12085742686765873,0.09693157996684226
sample_2,6,1,5,1,5,11,"[5, 6, 7, 8, 9, 10, 11]",6,7,ok,0.01,444,593,0.015765765765765764,0.3014395174200195,0.043262828531263904,0.3982819785766867,0.12059203267020868,0.4714195231600257,0.03701983646609652,0.55650520605722,0.089997579829536,0.3070100397617031,0.04333922285420647,0.4040600267112514,0.11978840222675381,0.0970499869495483
sample_2,7,1,5,1,5,12,"[5, 6, 7, 8, 9, 10, 11, 12]",7,8,ok,0.01,444,592,0.018018018018018018,0.2997422441259054,0.04280323299473279,0.39535923474455226,0.11915415922680037,0.4698706186235783,0.036310868852538494,0.5551658129255737,0.08758414516676963,0.30531597918741915,0.042869723833140715,0.4011823803335435,0.11835021996310041,0.09586640114612432
sample_2,8,1,5,1,5,13,"[5, 6, 7, 8, 9, 10, 11, 12, 13]",8,9,ok,0.01,443,591,0.020316027088036117,0.2990825742365683,0.04251762717262628,0.39444714794446284,0.11751954867948616,0.4696753124984828,0.037073956706958365,0.5544738426727077,0.09109079353567277,0.30467408255682804,0.042629592414837554,0.4002854696587207,0.11686726587374502,0.09561138710189265
sample_2,9,1,5,1,5,14,"[5, 6, 7, 8, 9, 10, 11, 12, 13, 14]",9,10,ok,0.01,442,590,0.02262443438914027,0.298114360327859,0.042122184828768644,0.39360756696852506,0.11729758872145106,0.4693608801607623,0.037115346791311114,0.5561307432416251,0.09197132089694281,0.3037304278125509,0.04224774132824831,0.39954421716584165,0.11666948429374366,0.09581378935329077
sample_2,10,1,5,1,5,15,"[5, 6, 7, 8, 9, 10, 11, 12, 13, 14, 15]",10,11,ok,0.01,441,589,0.024943310657596373,0.2953967225767952,0.041568422092199214,0.3905298020717855,0.11590470954367052,0.46766923057121795,0.03611146529165158,0.5542640251800632,0.08938736514746785,0.30104397522515236,0.041680830393641254,0.39649637261042314,0.11527675673592613,0.09545239738527078
sample_2,0,2,5,1,5,5,[5],0,2,ok,1.0,449,599,0.004454342984409799,0.3117737469165843,0.04365160193958022,0.4082094322323809,0.12203052429997086,0.5417773796479788,0.048378175322441416,0.6246024203157254,0.11968806618462742,0.319352117278876,0.04421488507327362,0.41625266421770424,0.12194181835817575,0.09690054693882821
sample_2,1,2,5,1,5,6,"[5, 6]",1,5,ok,0.01,448,598,0.011160714285714286,0.3041779491773043,0.043879323861732045,0.4056223800192089,0.12339897492846652,0.5185790940235964,0.046640237553777684,0.6043880741259724,0.1155739594437776,0.311239786177386,0.04435032114179063,0.41300124663763826,0.12316782208974897,0.10176146046025225
sample_2,2,2,5,1,5,7,"[5, 6, 7]",2,9,ok,0.01,447,597,0.020134228187919462,0.3025241046260172,0.0441096788039517,0.4067753680779875,0.12266789215525009,0.4800614398908501,0.0459243004485345,0.5686014728441133,0.11433066211366268,0.30836762478201163,0.04447780387767012,0.4127829395229914,0.12257159699826982,0.10441531474097976
sample_2,3,2,5,1,5,8,"[5, 6, 7, 8]",3,14,ok,1.0,447,596,0.03131991051454139,0.3043305050879348,0.04417566160634059,0.41012710921137235,0.12161205373080301,0.49199251348713086,0.046347104455121066,0.5838539711585673,0.11476070704763135,0.3105066872668997,0.04460033455006631,0.4165431441069924,0.12161059451688745,0.10603645684009272
sample_2,4,2,5,1,5,9,"[5, 6, 7, 8, 9]",4,20,ok,1.0,446,595,0.04484304932735426,0.30305091244275667,0.04489011592860839,0.41375075782558335,0.12501488479470935,0.4817508776812892,0.042547739556324786,0.5798957238752798,0.11173277513045347,0.3089206428740068,0.045145549917392565,0.4198643237710821,0.12479972578405947,0.11094368089707535
sample_2,5,2,5,1,5,10,"[5, 6, 7, 8, 9, 10]",5,27,ok,1.0,445,594,0.060674157303370786,0.3010895284016614,0.04431071794601491,0.4170962386023548,0.12556671509045167,0.46527465065345086,0.04224409121604183,0.570258236547527,0.11053113447997764,0.3064776798908759,0.04452967222043385,0.42270911880421336,0.12537186683968984,0.11623143891333748
sample_2,6,2,5,1,5,11,"[5, 6, 7, 8, 9, 10, 11]",6,35,ok,1.0,444,593,0.07882882882882883,0.2999950722418747,0.04386562902212549,0.4198786485780791,0.12327348673199719,0.4606228679102459,0.041431187579493024,0.5698983831069846,0.10960357507968943,0.30526270672297506,0.04405480725120352,0.42537116194373975,0.12314701468565936,0.12010845522076469
sample_2,7,2,5,1,5,12,"[5, 6, 7, 8, 9, 10, 11, 12]",7,44,ok,1.0,444,592,0.0990990990990991,0.2976525403713428,0.04266697972680734,0.4205539552466904,0.12153362294074345,0.4411000022385616,0.04008931535616562,0.5528406015314689,0.10203326604033476,0.30234777651194933,0.04277312043160479,0.4253210592181903,0.12133824409172822,0.12297328270624097
sample_2,8,2,5,1,5,13,"[5, 6, 7, 8, 9, 10, 11, 12, 13]",8,54,ok,1.0,443,591,0.12189616252821671,0.2950542272032328,0.04181480663221658,0.41603387247253143,0.11750385465469451,0.437815880851886,0.04104396928887186,0.551185140461169,0.10593407255014496,0.2997332442979172,0.042005936301256805,0.4209241356661714,0.11757365660487529,0.12119089136825417
sample_2,9,2,5,1,5,14,"[5, 6, 7, 8, 9, 10, 11, 12, 13, 14]",9,65,ok,1.0,442,590,0.14705882352941177,0.29263435289001505,0.041489532405318566,0.4162717559013116,0.11546519334935501,0.42896011573332,0.03953127406521918,0.5487048700859417,0.10404686045383774,0.29709861385654657,0.041619359584464694,0.4210289881571221,0.11559155461854305,0.12393037430057552
sample_2,10,2,5,1,5,15,"[5, 6, 7, 8, 9, 10, 11, 12, 13, 14, 15]",10,77,ok,1.0,441,589,0.1746031746031746,0.2881029174344147,0.04090084593038016,0.4173263341415978,0.11238473206490313,0.42313436360103246,0.03837434213203318,0.5507477703301313,0.09947723768289814,0.2925205487953012,0.0409909791769366,0.4220917246837366,0.11251564306646236,0.12957117588843542
sample_3,0,1,5,1,5,5,[5],0,1,ok,1.0,449,599,0.0022271714922048997,0.31404300832207466,0.04526444073607704,0.40677016933981835,0.12097266139686419,0.5393172081308828,0.03643570664407693,0.7526394813822435,0.17134508432382436,0.322525782878786,0.04555272946234505,0.4204612085414202,0.12194318541692058,0.09793542566263419
sample_3,1,1,5,1,5,6,"[5, 6]",1,2,ok,0.01,448,598,0.004464285714285714,0.30798214620840664,0.04514634302597802,0.4009012822090696,0.12273084492652915,0.5186388230125804,0.03606776006365312,0.7328084127296836,0.17230539298331726,0.31590911974830893,0.045385549956797,0.41404197793625397,0.12364666534514142,0.09813285818794504
sample_3,2,1,5,1,5,7,"[5, 6, 7]",2,3,ok,0.01,447,597,0.006711409395973154,0.3076830823720524,0.04514795412657853,0.4007473510383192,0.12219483103571332,0.48818760829068775,0.036806438576099415,0.6975455741280078,0.1497964807235313,0.3144262996650453,0.045097803346564394,0.4124420142091894,0.12293092736212895,0.0980157145441441
sample_3,3,1,5,1,5,8,"[5, 6, 7, 8]",3,4,ok,0.01,447,596,0.008948545861297539,0.30731967948697636,0.044914153114979774,0.4007539921850177,0.12170033226594561,0.48451969925339655,0.03433127482484923,0.7015848231593117,0.15599521392202048,0.31395163296365164,0.04486410726017083,0.4126408543659632,0.12231828291574881,0.09868922140231157
sample_3,4,1,5,1,5,9,"[5, 6, 7, 8, 9]",4,5,ok,0.01,446,595,0.011210762331838564,0.30629678046511266,0.04594913163845477,0.4029480697086505,0.12443502524679077,0.47942762557390195,0.03271268444875511,0.6926437648176886,0.14993067854408715,0.31275892345287065,0.045764252011665646,0.4143920152103222,0.12468985442398935,0.10163309175745155
sample_3,5,1,5,1,5,10,"[5, 6, 7, 8, 9, 10]",5,6,ok,0.01,445,594,0.01348314606741573,0.30297090606028493,0.04436693992818665,0.39893498973282604,0.11990268331227687,0.4772212214055862,0.03192955841714071,0.6930241149388883,0.15081398888384875,0.3094794748013837,0.044229494778729665,0.41055420238226326,0.12034233882536387,0.10107472758087954
sample_3,6,1,5,1,5,11,"[5, 6, 7, 8, 9, 10, 11]",6,7,ok,0.01,444,593,0.015765765765765764,0.30291605230816626,0.044357601309558334,0.3991197794295046,0.11975861729382685,0.47278378102541574,0.03114294406440639,0.6908048796329336,0.13869236332554,0.30923731727564635,0.04406204502964115,0.41058135479863317,0.11984225080128956,0.10134403752298682
sample_3,7,1,5,1,5,12,"[5, 6, 7, 8, 9, 10, 11, 12]",7,8,ok,0.01,444,592,0.018018018018018018,0.30124050313575634,0.04388883711709911,0.39642081760110337,0.11808234246603835,0.4700359539417905,0.030951384375234467,0.6906797022854776,0.1304594107059994,0.3075082111100049,0.04352905873730971,0.40793746939681325,0.11807351510844825,0.10042925828680832
sample_3,8,1,5,1,5,13,"[5, 6, 7, 8, 9, 10, 11, 12, 13]",8,9,ok,0.01,443,591,0.020316027088036117,0.3005702586790812,0.04404634429682384,0.39513880512321153,0.11756560834132451,0.46959688273620825,0.03091021064662634,0.6899322610182977,0.13380459599842562,0.306854444353892,0.04373024349059862,0.4066759444594665,0.11785206618238146,0.0998215001055745
sample_3,9,1,5,1,5,14,"[5, 6, 7, 8, 9, 10, 11, 12, 13, 14]",9,10,ok,0.01,442,590,0.02262443438914027,0.2999632831362042,0.04348971218568598,0.3939472102745515,0.11504911428036567,0.46931790590410694,0.030818361337380747,0.6919541468632721,0.13421169127104368,0.3062616472579921,0.04319742558971812,0.4055988755495797,0.11551056739472522,0.09933722829158759
sample_3,10,1,5,1,5,15,"[5, 6, 7, 8, 9, 10, 11, 12, 13, 14, 15]",10,11,ok,0.01,441,589,0.024943310657596373,0.29707873761740927,0.04290966302664578,0.3908944262710494,0.11384061372030156,0.4666588009959508,0.03050086099603692,0.691588637270176,0.12535513204864734,0.3033772336738966,0.042549391601054434,0.40261212180569766,0.11410900627560697,0.09923488813180109
sample_3,0,2,5,1,5,5,[5],0,2,ok,1.0,449,599,0.004454342984409799,0.3136942444410289,0.04527600022280635,0.40926510746065237,0.12197020218608662,0.534751867603049,0.035190723585889594,0.7415796633505606,0.17295022798942172,0.3220320419083862,0.04558648593652099,0.42243876113382156,0.12272288968126958,0.10040671922543537
sample_3,1,2,5,1,5,6,"[5, 6]",1,5,ok,0.0001,448,598,0.011160714285714286,0.3053576059708946,0.04522102155885029,0.40466577377220514,0.12290731652425324,0.510489109180391,0.03474483667736381,0.725486932565659,0.17951252750958244,0.3131011892915142,0.04551538219670024,0.41739435788031204,0.12367584091696457,0.10429316858879784
sample_3,2,2,5,1,5,7,"[5, 6, 7]",2,9,ok,0.01,447,597,0.020134228187919462,0.3036951756999491,0.045563287201827236,0.4054887614796422,0.12328072392654113,0.4768776694251904,0.0346670214109319,0.6905760112771863,0.15594020393022143,0.31018598527953967,0.04556524337932801,0.41674486134666616,0.12392410824648688,0.1065588760671265
sample_3,3,2,5,1,5,8,"[5, 6, 7, 8]",3,14,ok,0.01,447,596,0.03131991051454139,0.30271552101080546,0.04571427012566549,0.4108059108100328,0.12681432941534693,0.4614404810959558,0.03378492801610077,0.679076797907697,0.15991376126053833,0.3086633272052175,0.04566504378323973,0.42141891258290876,0.12738677306159937,0.11275558537769126
sample_3,4,2,5,1,5,9,"[5, 6, 7, 8, 9]",4,20,ok,1.0,446,595,0.04484304932735426,0.30442836339601925,0.046530477009990905,0.41424995491543964,0.12452596516872526,0.47735188823939056,0.033313923615312574,0.6939493228023614,0.16248918432399695,0.3108998230434671,0.04645535521069412,0.425327592650037,0.12514790278185395,0.11442776960656992
sample_3,5,2,5,1,5,10,"[5, 6, 7, 8, 9, 10]",5,27,ok,1.0,445,594,0.060674157303370786,0.30237049458413234,0.04548141574941632,0.4186070623928846,0.12469641315548864,0.4660111869609838,0.03403303455223971,0.6921484257196822,0.16324535688467048,0.3084908061723663,0.04542812948413115,0.42944945878876173,0.1254552492378543,0.12095865261639543
sample_3,6,2,5,1,5,11,"[5, 6, 7, 8, 9, 10, 11]",6,35,ok,1.0,444,593,0.07882882882882883,0.3011401459323204,0.04506958470081741,0.42237012415881936,0.12343249724292013,0.4602352431822189,0.033623048676900476,0.6916320614385756,0.16239196916481743,0.30707710715090536,0.044935976618802095,0.4330372262473107,0.12413362340597733,0.12596011909640537
sample_3,7,2,5,1,5,12,"[5, 6, 7, 8, 9, 10, 11, 12]",7,44,ok,1.0,444,592,0.0990990990990991,0.29889012186417635,0.04378885147470213,0.42369937753225106,0.1214535021519038,0.43771648324316353,0.03438890460133564,0.6608541470352615,0.1415179324101015,0.3040299781356929,0.04347531736512555,0.43304491357209607,0.12190905547779021,0.1290149354364032
sample_3,8,2,5,1,5,13,"[5, 6, 7, 8, 9, 10, 11, 12, 13]",8,54,ok,1.0,443,591,0.12189616252821671,0.29639743555320464,0.04309743371312346,0.4182558492077545,0.11698532481166088,0.4348051665133816,0.033864030653807206,0.6561531551371608,0.14382353809599843,0.30153712368019286,0.04287427745844022,0.42763169716759397,0.11785086630283635,0.1260945734874011
sample_3,9,2,5,1,5,14,"[5, 6, 7, 8, 9, 10, 11, 12, 13, 14]",9,65,ok,1.0,442,590,0.14705882352941177,0.2943677126832989,0.04278860653600392,0.417239446798265,0.11309913507394642,0.4285797048561896,0.03329218335527175,0.6617776113016385,0.1417582044349435,0.29934386794817175,0.0425346967626396,0.42683560917148033,0.11428544221749573,0.12749174122330859
sample_3,10,2,5,1,5,15,"[5, 6, 7, 8, 9, 10, 11, 12, 13, 14, 15]",10,77,ok,1.0,441,589,0.1746031746031746,0.28988404793629086,0.04230746398240155,0.4174135066480881,0.10901062292171834,0.4203100482895925,0.031653701558364444,0.6601659409344438,0.13151302950809327,0.2947060146247738,0.041938043889405766,0.42689694613970275,0.1101495197730131,0.13219093151492894
sample_4,0,1,5,1,5,5,[5],0,1,ok,0.0001,449,599,0.0022271714922048997,0.3126026992636041,0.04356611601623211,0.4078048739113429,0.12408915119581616,0.543558993097395,0.04555250651226911,0.6188747046596871,0.10213964914269343,0.3202772094947997,0.043999473892058834,0.41573199439128766,0.12336734592831744,0.09545478489648795
sample_4,1,1,5,1,5,6,"[5, 6]",1,2,ok,0.01,448,598,0.004464285714285714,0.3065202737345517,0.04344825988677387,0.4022463437959096,0.12427286647940047,0.524412558452109,0.0438523736196309,0.6017657016102319,0.09916780661330021,0.3137537869928812,0.043819054305495896,0.4097045033679609,0.12358393067707975,0.09595071637507968
sample_4,2,1,5,1,5,7,"[5, 6, 7]",2,3,ok,0.01,447,597,0.006711409395973154,0.3062278914438378,0.04336336655396133,0.40203781829660623,0.12290639924468166,0.49383451103700393,0.041606012704926115,0.5694178853727934,0.09522808339438672,0.31244694397455164,0.04360326812491813,0.4082481517852233,0.12227685724558754,0.09580120781067164
sample_4,3,1,5,1,5,8,"[5, 6, 7, 8]",3,4,ok,0.01,447,596,0.008948545861297539,0.30574687290870145,0.043120388509316536,0.4016735858704571,0.12242152624251973,0.4908354303974252,0.040812629135348964,0.5700266653142765,0.09449822843485124,0.31188461054995564,0.04333971626934003,0.4079486845209796,0.1217170742736619,0.09606407397102396
sample_4,4,1,5,1,5,9,"[5, 6, 7, 8, 9]",4,5,ok,0.01,446,595,0.011210762331838564,0.3048955932394399,0.04405417544374385,0.4035380664130483,0.1253354987409046,0.4856951180347273,0.03809857382050296,0.5656090326284039,0.08618137336767882,0.31088201639016655,0.044145689196696314,0.4095297430774635,0.12430319655178314,0.09864772668729693
sample_4,5,1,5,1,5,10,"[5, 6, 7, 8, 9, 10]",5,6,ok,0.01,445,594,0.01348314606741573,0.30184475401445365,0.04261904386106215,0.39967307297768123,0.12120961449503292,0.4827675936605112,0.036463929544475755,0.5625833344743764,0.08123925622674123,0.3078307856075749,0.042701943701712555,0.4056789814053891,0.12014047883319752,0.09784819579781423
sample_4,6,1,5,1,5,11,"[5, 6, 7, 8, 9, 10, 11]",6,7,ok,0.01,444,593,0.015765765765765764,0.30180031438089483,0.04259579743352977,0.39990204695247017,0.12097325971744034,0.4786816226998875,0.03487292391237444,0.5580968150589157,0.07425558374364065,0.3076467622948745,0.042586783352946515,0.4057231059144138,0.11959744032661014,0.09807634361953932
sample_4,7,1,5,1,5,12,"[5, 6, 7, 8, 9, 10, 11, 12]",7,8,ok,0.01,444,592,0.018018018018018018,0.3001546580611704,0.04214738616889539,0.3972327420767846,0.11934990403599141,0.47590604806874137,0.03397038870953897,0.5545402328517222,0.0710356189674744,0.3059612399741257,0.04211835727241558,0.40300103500357387,0.11797616169054505,0.09703979502944815
sample_4,8,1,5,1,5,13,"[5, 6, 7, 8, 9, 10, 11, 12, 13]",8,9,ok,0.01,443,591,0.020316027088036117,0.2994169982771236,0.042309875469685704,0.3962882260689832,0.11894647007353241,0.47589568949363414,0.03557670254569405,0.5547457178780949,0.0778205707098312,0.3052521045495576,0.04235036055604015,0.40212267654647976,0.11784356837951392,0.09687057199692217
sample_4,9,1,5,1,5,14,"[5, 6, 7, 8, 9, 10, 11, 12, 13, 14]",9,10,ok,0.01,442,590,0.02262443438914027,0.298645930567518,0.04172638523914645,0.395631318577856,0.11771496315945983,0.47517459045310473,0.035495159692916785,0.5553221808718823,0.07827579504115664,0.3044851521063602,0.04178371495968808,0.4015192889572361,0.11664563144577149,0.09703413685087592
sample_4,10,1,5,1,5,15,"[5, 6, 7, 8, 9, 10, 11, 12, 13, 14, 15]",10,11,ok,0.01,441,589,0.024943310657596373,0.29583015354887937,0.04117087265563526,0.3925480677923605,0.11686820557446341,0.4735744571232211,0.03451603070205483,0.5538652123356252,0.07530000163007615,0.30170980532169733,0.04121277859278439,0.39848464478986306,0.11575694848189155,0.09677483946816573
sample_4,0,2,5,1,5,5,[5],0,2,ok,1.0,449,599,0.004454342984409799,0.31213494973581696,0.043577572677282926,0.4101285584222713,0.12335168187415468,0.5434885997197813,0.04556606467445639,0.6194257066017217,0.10199946693033286,0.3198222826996897,0.044013395613362254,0.4179897880352312,0.1226581045614287,0.09816750533554147
sample_4,1,2,5,1,5,6,"[5, 6]",1,5,ok,0.01,448,598,0.011160714285714286,0.30395318734443977,0.04367234342613935,0.4062790113425806,0.12454303563645,0.5204079075014547,0.04481337301267936,0.6016345899425436,0.10158710575669008,0.31114100895523394,0.044056844449793374,0.4135973553920178,0.12388280867106924,0.10245634643678386
sample_4,2,2,5,1,5,7,"[5, 6, 7]",2,9,ok,0.01,447,597,0.020134228187919462,0.30241697510554555,0.04386474049015928,0.4075882887665292,0.12384333287971622,0.48511633584274494,0.04358674677243928,0.5688171886909772,0.10104319521283654,0.30847721644899445,0.04413944193358184,0.4135975647695585,0.12332719564891252,0.10512034832056405
sample_4,3,2,5,1,5,8,"[5, 6, 7, 8]",3,14,ok,0.01,447,596,0.03131991051454139,0.3013386960076041,0.043872246696411744,0.41192480249340807,0.12648040650160342,0.47144355897492507,0.042727522221820906,0.5646223701677868,0.10376619831479546,0.3069798933191333,0.04410835575469711,0.41759311640612773,0.1260780656879495,0.11061322308699445
sample_4,4,2,5,1,5,9,"[5, 6, 7, 8, 9]",4,20,ok,1.0,446,595,0.04484304932735426,0.3030716520697924,0.04467003815390469,0.4151526236710479,0.1254277088962508,0.48667275838432417,0.04052155787397229,0.5805023041954657,0.09631268198547864,0.30915302936496136,0.04484630208266249,0.4212727054159868,0.12484846801025658,0.11211967605102546
sample_4,5,2,5,1,5,10,"[5, 6, 7, 8, 9, 10]",5,27,ok,1.0,445,594,0.060674157303370786,0.30103568483418996,0.04385553078325364,0.41876127043680694,0.1260346900334858,0.47009983812276085,0.04045521619546639,0.569559901619977,0.09744386503523766,0.30663001982580845,0.044014264929545854,0.42431958030232164,0.12548270194852204,0.11768956047651319
sample_4,6,2,5,1,5,11,"[5, 6, 7, 8, 9, 10, 11]",6,35,ok,1.0,444,593,0.07882882882882883,0.29998283314906354,0.04351272971700834,0.42222178080744055,0.12451064732625589,0.46588902635789187,0.03988476323857008,0.5696528713444191,0.09566921868193123,0.3054701040820297,0.04362788318737223,0.42766995823658244,0.12391885676728545,0.12219985415455276
sample_4,7,2,5,1,5,12,"[5, 6, 7, 8, 9, 10, 11, 12]",7,44,ok,1.0,444,592,0.0990990990990991,0.2976217819338594,0.04225306591324325,0.4230606397666277,0.12283306265328728,0.4449717820891902,0.03815802418722974,0.5497857692883923,0.08720370478906933,0.3024835835029665,0.0422533035956011,0.42763882524379143,0.12207445411049873,0.12515524174082493
sample_4,8,2,5,1,5,13,"[5, 6, 7, 8, 9, 10, 11, 12, 13]",8,54,ok,1.0,443,591,0.12189616252821671,0.2949759848238098,0.04150844073843725,0.4178897507340096,0.1186717647902092,0.4427189348541348,0.03924520852162574,0.5473544733843859,0.09086324225385176,0.2998571783978415,0.04160455650612296,0.4225897307919716,0.11821680883507357,0.12273255239413011
sample_4,9,2,5,1,5,14,"[5, 6, 7, 8, 9, 10, 11, 12, 13, 14]",9,65,ok,1.0,442,590,0.14705882352941177,0.292677697892347,0.04107398402156397,0.4179816848452692,0.11572381220622387,0.43387194204917373,0.03797792140806088,0.543829818630189,0.08996220139829003,0.2973375512620737,0.04111527236426472,0.4225085741141421,0.11537705712186251,0.12517102285206844
sample_4,10,2,5,1,5,15,"[5, 6, 7, 8, 9, 10, 11, 12, 13, 14, 15]",10,77,ok,1.0,441,589,0.1746031746031746,0.2881768782885068,0.04051163603683441,0.4188615203876824,0.11266602151389214,0.4282414792820107,0.03681279945046632,0.5459483937905774,0.0849205484446241,0.2927962981984477,0.04049987581440029,0.42339347920405124,0.11227967400850045,0.13059718100560352
sample_0,0,3,5,1,5,5,[5],0,3,ok,0.01,449,599,0.0066815144766146995,0.30964406172144165,0.04502753846131641,0.42214386504701207,0.1423405909433871,0.5439951279747466,0.05097236010465489,0.6211198303793627,0.10966632381093398,0.3173240131580934,0.045529061883261286,0.4295017109775791,0.1406565994167745,0.11217769781948572
sample_0,1,3,5,1,5,6,"[5, 6]",1,9,ok,1.0,448,598,0.020089285714285716,0.30205298127191305,0.04528369179608935,0.42162513896787224,0.14535637916903477,0.5227702071153278,0.04870610495014828,0.6037736379755454,0.1052079113532162,0.3092807013970178,0.04568705618932441,0.42832548199979703,0.14346235298042057,0.11904478060277923
sample_0,2,3,5,1,5,7,"[5, 6, 7]",2,19,ok,1.0,447,597,0.042505592841163314,0.2982366972359495,0.04570854357982444,0.42557110860614156,0.1439473680746778,0.48987394877302237,0.04735575840163287,0.5739524025475666,0.10338848695343628,0.3045047138441156,0.04601424696139462,0.43098699521877426,0.14208185423851247,0.12648228137465867
sample_0,3,3,5,1,5,8,"[5, 6, 7, 8]",3,34,ok,1.0,447,596,0.07606263982102908,0.2952929234223652,0.045283538444377436,0.43171476843575496,0.14492525731467337,0.47815264032407484,0.046144543655458684,0.5698380992395349,0.10203721658863804,0.3012754570046252,0.045567554717738795,0.4367534695647617,0.14325983891669897,0.13547801256013647
sample_0,4,3,5,1,5,9,"[5, 6, 7, 8, 9]",4,55,ok,1.0,446,595,0.12331838565022421,0.2922511536061941,0.045039869087661576,0.4437929610758617,0.14497068786738104,0.46728154719548864,0.04317116641171715,0.5732540307608484,0.09277070362512944,0.29797249389910246,0.04522888024468091,0.4484509991003568,0.1431817214806951,0.15047850520125433
sample_0,5,3,5,1,5,10,"[5, 6, 7, 8, 9, 10]",5,83,ok,1.0,445,594,0.18651685393258427,0.28615499517608367,0.04367636102187843,0.45664818581232525,0.13964393765880695,0.44647090001410644,0.04390816225353109,0.571063296648152,0.098962212331548,0.29139249203178147,0.043873224304728106,0.4607460200136603,0.13797206619474742,0.1693535279818788
sample_0,6,3,5,1,5,11,"[5, 6, 7, 8, 9, 10, 11]",6,119,ok,1.0,444,593,0.268018018018018,0.28101941222607457,0.04502190788436151,0.4645015799494397,0.14666259121570452,0.43634649681151244,0.0438515182034232,0.5781702260574517,0.10725417165569306,0.286089074470769,0.045127285554302295,0.46858941368160023,0.14473652737889284,0.18250033921083125
sample_0,7,3,5,1,5,12,"[5, 6, 7, 8, 9, 10, 11, 12]",7,164,ok,1.0,444,592,0.36936936936936937,0.2747560077914196,0.04389632251311039,0.4714049032368819,0.15261551994214587,0.40936078109637875,0.042665332263799094,0.5408098343913036,0.10618519114122472,0.27914356837265947,0.04394128140775353,0.4737806012723554,0.15063499096793792,0.19463703289969592
sample_0,8,3,5,1,5,13,"[5, 6, 7, 8, 9, 10, 11, 12, 13]",8,219,ok,1.0,443,591,0.49435665914221216,0.2698740723715773,0.04360183772801236,0.48229491470156566,0.15314835621577202,0.4039264716468368,0.043614444831028595,0.5489212398115548,0.10672332809075658,0.2742468525263642,0.04369821206309844,0.48459189193639274,0.15116934081608854,0.21034503941002852
sample_0,9,3,5,1,5,14,"[5, 6, 7, 8, 9, 10, 11, 12, 13, 14]",9,285,too_many_terms,nan,442,590,0.6447963800904978,nan,nan,nan,nan,nan,nan,nan,nan,nan,nan,nan,nan,nan
sample_0,10,3,5,1,5,15,"[5, 6, 7, 8, 9, 10, 11, 12, 13, 14, 15]",10,363,too_many_terms,nan,441,589,0.8231292517006803,nan,nan,nan,nan,nan,nan,nan,nan,nan,nan,nan,nan,nan
sample_1,0,3,5,1,5,5,[5],0,3,ok,0.01,449,599,0.0066815144766146995,0.3112537219314434,0.04553168316385003,0.42208032281108854,0.1412167619216391,0.5275978773809504,0.04668261051522884,0.6096365990228537,0.10983918580668937,0.3186086290067947,0.04593257097798318,0.4292357421622037,0.1397329732454661,0.11062711315540902
sample_1,1,3,5,1,5,6,"[5, 6]",1,9,ok,1.0,448,598,0.020089285714285716,0.3036197203007238,0.04570287027538304,0.42103546470207753,0.1440522735862475,0.5067088412819172,0.045465400996930694,0.5934399041880296,0.10727510814200222,0.3105172832727982,0.046035300016907456,0.427594221943511,0.14247098624336282,0.11707693867071278
sample_1,2,3,5,1,5,7,"[5, 6, 7]",2,19,ok,1.0,447,597,0.042505592841163314,0.29969136141765046,0.04614382908638364,0.42511975383844325,0.14328668282158175,0.47447759402406486,0.04461568284913219,0.5626835866304644,0.10311606807074371,0.3056203264447808,0.04638153712751274,0.43033662079878837,0.1417060005949574,0.12471629435400755
sample_1,3,3,5,1,5,8,"[5, 6, 7, 8]",3,34,ok,1.0,447,596,0.07606263982102908,0.29678035682452025,0.04574772681610649,0.43159474487033717,0.1442117816108597,0.46376106744619394,0.044102621504261516,0.5580125177513058,0.10499553208350355,0.30244700994405954,0.045983221009617166,0.43637596586079225,0.1427954512592068,0.1339289559167327
sample_1,4,3,5,1,5,9,"[5, 6, 7, 8, 9]",4,55,ok,1.0,446,595,0.12331838565022421,0.2937331179909564,0.04550530277086274,0.4436150803414,0.14401100773117045,0.45224257847676735,0.0411500623359794,0.560055758758562,0.09420986849290347,0.2991047021637645,0.045628567670212214,0.4479444289453742,0.1423730681062232,0.14883972678160967
sample_1,5,3,5,1,5,10,"[5, 6, 7, 8, 9, 10]",5,83,ok,1.0,445,594,0.18651685393258427,0.2874078875403545,0.043778419448881695,0.4573455974122884,0.13819163208393115,0.43191192595570393,0.041789701647878305,0.5567491639078928,0.09757026148902098,0.29230380705007253,0.04393488002511884,0.4610653426111584,0.13678122754792776,0.16876153556108586
sample_1,6,3,5,1,5,11,"[5, 6, 7, 8, 9, 10, 11]",6,119,ok,1.0,444,593,0.268018018018018,0.28215589587194634,0.04521532029290773,0.46579508216107973,0.1455654121688631,0.4227364735017412,0.04127696554816019,0.5630114112282483,0.10238389584708214,0.2869133271975937,0.045254051772106244,0.46946585344475034,0.14381104493567667,0.18255252624715662
sample_1,7,3,5,1,5,12,"[5, 6, 7, 8, 9, 10, 11, 12]",7,164,ok,1.0,444,592,0.36936936936936937,0.27578111085420026,0.0441303356462963,0.4721614330660688,0.15205749183373238,0.39634743833718156,0.04061836662201567,0.5238781657838665,0.10110658933647175,0.2798556590010093,0.044109939138685154,0.47403179017163727,0.1501313993224849,0.19417613117062799
sample_1,8,3,5,1,5,13,"[5, 6, 7, 8, 9, 10, 11, 12, 13]",8,219,ok,1.0,443,591,0.49435665914221216,0.27077065230247643,0.043958388192266495,0.4830255650924124,0.1528352507956266,0.39102325520773595,0.04186284542312604,0.5323255368387129,0.10433403609825848,0.27483919625174197,0.0439935955878449,0.4848355457910589,0.15096244165338327,0.20999634953931695
sample_1,9,3,5,1,5,14,"[5, 6, 7, 8, 9, 10, 11, 12, 13, 14]",9,285,too_many_terms,nan,442,590,0.6447963800904978,nan,nan,nan,nan,nan,nan,nan,nan,nan,nan,nan,nan,nan
sample_1,10,3,5,1,5,15,"[5, 6, 7, 8, 9, 10, 11, 12, 13, 14, 15]",10,363,too_many_terms,nan,441,589,0.8231292517006803,nan,nan,nan,nan,nan,nan,nan,nan,nan,nan,nan,nan,nan
sample_2,0,3,5,1,5,5,[5],0,3,ok,0.01,449,599,0.0066815144766146995,0.3094523035565538,0.04530050041316705,0.417921854622017,0.1376317491171599,0.5392249895484706,0.04984538650018783,0.6312201686549654,0.12782118467120632,0.3170236432639404,0.045847334294175056,0.4258575706573667,0.1372153211453613,0.10883392739342629
sample_2,1,3,5,1,5,6,"[5, 6]",1,9,ok,1.0,448,598,0.020089285714285716,0.30219139501799824,0.045546228405157915,0.41800838692744113,0.1400777783521244,0.5183609277487089,0.04776670891671744,0.6132896220640313,0.12299026588111031,0.30931074461825836,0.04599072964825324,0.4252704872165461,0.13943251660471942,0.11595974259828773
sample_2,2,3,5,1,5,7,"[5, 6, 7]",2,19,ok,1.0,447,597,0.042505592841163314,0.29829417327074526,0.04597517597718831,0.4218029097472519,0.13864224217628227,0.48261163951253283,0.04701067895483255,0.5799161387752153,0.11924214419710964,0.30435831779141337,0.04632855838017929,0.42768643793412486,0.13799737685191307,0.1233281201427115
sample_2,3,3,5,1,5,8,"[5, 6, 7, 8]",3,34,ok,1.0,447,596,0.07606263982102908,0.29524028639073935,0.04547539079265788,0.42785942157272155,0.13960179575923154,0.4702720073089749,0.04617861640347357,0.5746710842826083,0.12180654569967192,0.30100066920302443,0.04580502247225146,0.4333031970972643,0.1390537611370879,0.13230252789423985
sample_2,4,3,5,1,5,9,"[5, 6, 7, 8, 9]",4,55,ok,1.0,446,595,0.12331838565022421,0.292194483331665,0.04522018716145683,0.439642668619045,0.14030156359227514,0.45910307057211003,0.04281440109836923,0.5768250908053983,0.11327748238739055,0.2976795092444648,0.04543244118208263,0.4446724614450249,0.13949883038545954,0.14699295220056013
sample_2,5,3,5,1,5,10,"[5, 6, 7, 8, 9, 10]",5,83,ok,1.0,445,594,0.18651685393258427,0.2860390470517219,0.04406521396223865,0.45311511031283946,0.13466771811628153,0.4387826957791238,0.043583152481066305,0.5774509376383677,0.11478625958762025,0.2910585427588259,0.04429225293348752,0.45770281298243054,0.13408551884129402,0.16664427022360462
sample_2,6,3,5,1,5,11,"[5, 6, 7, 8, 9, 10, 11]",6,119,ok,1.0,444,593,0.268018018018018,0.28100754068774614,0.045333249525044396,0.46126073747071655,0.14153513859387204,0.4296390662192558,0.04321495442593487,0.5843904333418256,0.11962141364900825,0.28588716918320545,0.04548529795553168,0.46582718375718113,0.1408318646296699,0.17994001457397568
sample_2,7,3,5,1,5,12,"[5, 6, 7, 8, 9, 10, 11, 12]",7,164,ok,1.0,444,592,0.36936936936936937,0.2746483401971179,0.044244188909633705,0.4677898001812295,0.14784040114080257,0.4037889227780287,0.042308206618156444,0.548873807493863,0.1190517183584751,0.2788838692406459,0.04434146431677217,0.4707465446296296,0.14698375364798297,0.19186267538898372
sample_2,8,3,5,1,5,13,"[5, 6, 7, 8, 9, 10, 11, 12, 13]",8,219,ok,1.0,443,591,0.49435665914221216,0.2697442849178421,0.04368507129268816,0.4785851665380376,0.14876877350572495,0.39787232641132736,0.043005915759666495,0.5543850043049942,0.12037512138706549,0.27395197702210916,0.043825830640551636,0.4813910453251753,0.14782244556720217,0.20743906830306613
sample_2,9,3,5,1,5,14,"[5, 6, 7, 8, 9, 10, 11, 12, 13, 14]",9,285,too_many_terms,nan,442,590,0.6447963800904978,nan,nan,nan,nan,nan,nan,nan,nan,nan,nan,nan,nan,nan
sample_2,10,3,5,1,5,15,"[5, 6, 7, 8, 9, 10, 11, 12, 13, 14, 15]",10,363,too_many_terms,nan,441,589,0.8231292517006803,nan,nan,nan,nan,nan,nan,nan,nan,nan,nan,nan,nan,nan
sample_3,0,3,5,1,5,5,[5],0,3,ok,0.0001,449,599,0.0066815144766146995,0.3109311100462,0.04667615761910109,0.4184209990669384,0.13761887868529615,0.5328841663979915,0.03707116087773788,0.7532009124170777,0.17896884520079945,0.3193063356289167,0.0469889315386205,0.43170341052337435,0.13786696958069966,0.11239707489445766
sample_3,1,3,5,1,5,6,"[5, 6]",1,9,ok,1.0,448,598,0.020089285714285716,0.30312035361118767,0.046691001475451674,0.4167583919014337,0.1403831390346876,0.5113046582635739,0.03733845778310375,0.7362732199868847,0.1824262436974595,0.31097752572992676,0.04697671574399789,0.4294621597356701,0.1404455628382837,0.11848463400574333
sample_3,2,3,5,1,5,7,"[5, 6, 7]",2,19,ok,1.0,447,597,0.042505592841163314,0.2990038491698846,0.047075546520922704,0.4208290809297372,0.13952341885530972,0.4801258935668413,0.037725477977557244,0.7040386556070537,0.16607752217325122,0.305797588633107,0.047127255065819044,0.4320717706831876,0.1394244602463738,0.12627418205008056
sample_3,3,3,5,1,5,8,"[5, 6, 7, 8]",3,34,ok,1.0,447,596,0.07606263982102908,0.2960366665334158,0.04646179815585014,0.4276366026080949,0.13955555814225074,0.46727565393770065,0.036128416458192904,0.6950498691346094,0.16866201702824063,0.3024714458205726,0.04651911225146564,0.43826780981441893,0.13947884398550522,0.13579636399384631
sample_3,4,3,5,1,5,9,"[5, 6, 7, 8, 9]",4,55,ok,1.0,446,595,0.12331838565022421,0.292834517666874,0.0460496806594946,0.4412630950677138,0.13830138665021974,0.4563232776643921,0.034248326839865964,0.689820060333816,0.15910860763110715,0.29896703281825865,0.04601241873023208,0.45115070455986134,0.13786938736478704,0.1521836717416027
sample_3,5,3,5,1,5,10,"[5, 6, 7, 8, 9, 10]",5,83,ok,1.0,445,594,0.18651685393258427,0.28647652664409406,0.04400416903809204,0.4565156611379779,0.13037791913915409,0.4418356390069072,0.035583050324329624,0.6964452851363769,0.16035935226742126,0.2923144187060968,0.04407733380824773,0.4661416894973143,0.1300462238787989,0.17382727079121751
sample_3,6,3,5,1,5,11,"[5, 6, 7, 8, 9, 10, 11]",6,119,ok,1.0,444,593,0.268018018018018,0.2812159441229957,0.045312881434745295,0.4663346023590713,0.13766235115317843,0.43168902014738575,0.03463329540013698,0.7020602415722998,0.15836262319690922,0.28685741321564473,0.04523709543011942,0.4757966953787526,0.13668486294028445,0.18893928216310785
sample_3,7,3,5,1,5,12,"[5, 6, 7, 8, 9, 10, 11, 12]",7,164,ok,1.0,444,592,0.36936936936936937,0.27471507090490666,0.04426890924072411,0.473523458401956,0.14506758807104236,0.40436608187049955,0.03465172052637803,0.6562540121027172,0.14148873460529596,0.27954828575622837,0.044056320579757044,0.4808190482024424,0.14375287506274742,0.20127076244621406
sample_3,8,3,5,1,5,13,"[5, 6, 7, 8, 9, 10, 11, 12, 13]",8,219,ok,1.0,443,591,0.49435665914221216,0.26979261585525915,0.04409921193497173,0.4835704300377148,0.1473810278076376,0.399337460503593,0.03455241144471413,0.6638017956924422,0.14590378520721306,0.27463843663687393,0.04394755386635925,0.49078196428219323,0.14611967499188647,0.2161435276453193
sample_3,9,3,5,1,5,14,"[5, 6, 7, 8, 9, 10, 11, 12, 13, 14]",9,285,too_many_terms,nan,442,590,0.6447963800904978,nan,nan,nan,nan,nan,nan,nan,nan,nan,nan,nan,nan,nan
sample_3,10,3,5,1,5,15,"[5, 6, 7, 8, 9, 10, 11, 12, 13, 14, 15]",10,363,too_many_terms,nan,441,589,0.8231292517006803,nan,nan,nan,nan,nan,nan,nan,nan,nan,nan,nan,nan,nan
sample_4,0,3,5,1,5,5,[5],0,3,ok,0.01,449,599,0.0066815144766146995,0.30997369471997316,0.045213279186789336,0.419962785398197,0.13887893376955737,0.5393141278158712,0.04742972183919184,0.6240314141249134,0.10976123561210456,0.31759532212698294,0.045646850317893575,0.42763601775140514,0.13787389541357878,0.1100406956244222
sample_4,1,3,5,1,5,6,"[5, 6]",1,9,ok,1.0,448,598,0.020089285714285716,0.3023647873078943,0.04541010225580636,0.4190879870228512,0.14161452436982314,0.5186743667893325,0.04616832487748599,0.608344134616262,0.10857202673997936,0.3095474298765201,0.045776062491992044,0.42618608012165743,0.14052659328840697,0.11663865024513731
sample_4,2,3,5,1,5,7,"[5, 6, 7]",2,19,ok,1.0,447,597,0.042505592841163314,0.2985304791059907,0.04582951930249468,0.4233810724343946,0.14050671789340508,0.486032789307585,0.04500759704988721,0.5768688628060114,0.10508975516103615,0.30474825491464375,0.046094881404957724,0.4291200932038732,0.1394063527526976,0.12437183828922943
sample_4,3,3,5,1,5,8,"[5, 6, 7, 8]",3,34,ok,1.0,447,596,0.07606263982102908,0.29558070721031804,0.04538898043607964,0.42943237394728906,0.14128660340392582,0.475064208575926,0.0444018327494061,0.5734914383697407,0.10926725392750987,0.3015345267579133,0.045649520306876565,0.4347971110610927,0.14040807569778152,0.1332625843031794
sample_4,4,3,5,1,5,9,"[5, 6, 7, 8, 9]",4,55,ok,1.0,446,595,0.12331838565022421,0.29265939416292586,0.04515202589239705,0.4409987495762897,0.14106646197175873,0.4632110206694037,0.041378699896299796,0.5757414823278939,0.10013220401145628,0.2983102126946073,0.04530184635033035,0.4459439001905026,0.13998285696763033,0.14763368749589534
sample_4,5,3,5,1,5,10,"[5, 6, 7, 8, 9, 10]",5,83,ok,1.0,445,594,0.18651685393258427,0.28668457259966296,0.043612605489295644,0.4543845720804038,0.13541628125587335,0.44161947041523886,0.042292947304083506,0.5731315545146006,0.1029833723038772,0.2918166723657532,0.04379075394424958,0.4587554013795539,0.13452952852567407,0.1669387290138007
sample_4,6,3,5,1,5,11,"[5, 6, 7, 8, 9, 10, 11]",6,119,ok,1.0,444,593,0.268018018018018,0.28151080622977576,0.04498737557585863,0.4624646745671015,0.14232352999382444,0.43259239247858833,0.04216965864616422,0.5806448001384138,0.10638729528268916,0.28651155209637225,0.04507449350591694,0.4668590676144517,0.14118461593481815,0.18034751551807943
sample_4,7,3,5,1,5,12,"[5, 6, 7, 8, 9, 10, 11, 12]",7,164,ok,1.0,444,592,0.36936936936936937,0.2750780138644141,0.04373595784879699,0.4689129599947653,0.14815096992201984,0.4050037737516568,0.04114451057539341,0.5418466992597136,0.10524165597776837,0.27937251857743817,0.04375721840961748,0.47153989340299096,0.14683900773382808,0.1921673748255528
sample_4,8,3,5,1,5,13,"[5, 6, 7, 8, 9, 10, 11, 12, 13]",8,219,ok,1.0,443,591,0.49435665914221216,0.27007438903948755,0.043498365127045434,0.48040757425674063,0.14868661611179607,0.40031363440614554,0.04230143759363749,0.5502189842397354,0.1084541531000752,0.27438467429029273,0.04358231009695579,0.4829528401620429,0.14743554721157956,0.20856816587175014
sample_4,9,3,5,1,5,14,"[5, 6, 7, 8, 9, 10, 11, 12, 13, 14]",9,285,too_many_terms,nan,442,590,0.6447963800904978,nan,nan,nan,nan,nan,nan,nan,nan,nan,nan,nan,nan,nan
sample_4,10,3,5,1,5,15,"[5, 6, 7, 8, 9, 10, 11, 12, 13, 14, 15]",10,363,too_many_terms,nan,441,589,0.8231292517006803,nan,nan,nan,nan,nan,nan,nan,nan,nan,nan,nan,nan,nan
